Company,ticker,T/VA&W Revenue Rylty Un,AW.UN,TAberdeen Asia-Pacifc,FAP,TAberdeen Int'l. J,AAB,TAbsolute Software J,ABT,TAcadian Timber Corp.,ADN,TAcasta Entrpr A RV J,AEF.A,TAcasta Entrpr Wt J,AEF.WT,TAccord Financial,ACD,TAcerus Pharma Corp J,ASP,TACTIVEnergy Incm Un,AEU.UN,TADF Group Inc. SV,DRX,TAdvantage Oil & Gas,AAV,TAdvntg Cdn HiYld Bnd,AHY.UN,TAdvantged Prefer Un,PFR.UN,TAecon Group Inc.,ARE,TAecon Group 5.5% Deb,ARE.DB.B,TAEterna Zentaris Inc,AEZ,TAfrica Oil Corp. J,AOI,TAfrico Resources J,ARL,TAg Growth Int'l Inc.,AFN,TAg Growth IntlConvDb,AFN.DB.A,TAg Growth Intl ExtDb,AFN.DB.B,TAg Growth Intl2020Db,AFN.DB.C,TAgellan Commercl Un,ACR.UN,TAGF Management B NV,AGF.B,TAgJunction Inc.,AJX,TAgnico Eagle Mines,AEM,TAgrium Inc.,AGU,TAGT Food&Ingredients,AGT,TAimia Inc.,AIM,TAimia Inc. Ser 1 Pr,AIM.PR.A,TAimia Inc. Ser 2 Pr,AIM.PR.B,TAimia Inc. Ser 3 Pr,AIM.PR.C,TAir Canada Vote & VV,AC,TAirboss of America J,BOS,TAkita Drill Cl A NV,AKT.A,TAkita Drilling Cl B,AKT.B,TAlacer Gold Corp. J,ASR,TAlamos Gold Inc. J,AGI,TAlamos Gold Inc Wt J,AGI.WT,TAlamos Gold Wt A J,AGI.WT.A,TAlaris Royalty Corp.,AD,TAlarmForce Ind J,AF,TAlderon Iron Ore J,ADV,TAlexco Resource J,AXR,TAlgoma Central Corp,ALC,TAlgoma Central 6% Db,ALC.DB,TAlgonquin Pwr & Util,AQN,TAlgonquin Pwr&U Rec,AQN.IR,TAlgonquin Pwr A Pr,AQN.PR.A,TAlgonquin Pwr D Pr,AQN.PR.D,TAlignvst Aquis A JRV,AQX.A,TAlignvest Aquis Wt J,AQX.WT,TAlimentation Cl A MV,ATD.A,TAlimentation Cl B SV,ATD.B,TAllbanc Split A Cap,ABK.A,TAllbanc Split Pr C,ABK.PR.C,TAllbanc Splt 2 Cap A,ALB,TAllbanc Splt II Pr 2,ALB.PR.C,TAllied Prop. REIT Un,AP.UN,TAlmaden Minerals,AMM,TAltaGas Ltd.,ALA,TAltaGas Ltd Sr A Pr,ALA.PR.A,TAltaGas Ltd Sr B Pr,ALA.PR.B,TAltaGas Ltd Sr E Pr,ALA.PR.E,TAltaGas Ltd Sr G Pr,ALA.PR.G,TAltaGas Ltd Sr I Pr,ALA.PR.I,TAltaGas Ltd C Pr USF,ALA.PR.U,TAlterra Power Corp J,AXY,TAltius Minerals Corp,ALS,TAltus Group Limited,AIF,TAltus Group 6.75% Db,AIF.DB.A,TAmaya Inc. J,AYA,TAmericn CoreSecDivUn,ACZ.UN,TAmerican Hotl LP Un,HOT.UN,TAmericas Silver J,USA,TAmerigo Resources J,ARG,TAnaconda Mining J,ANX,TAnderson Energy Inc.,AXL,TAnderson Engy 7.25Db,AXL.DB.B,TAndrew Peller A NV,ADW.A,TAndrew Peller Ltd. B,ADW.B,TAnglo Pacific Ord,APY,TAptose Biosciences,APS,TAquila Resources J,AQA,TAralez PharmaceutclJ,ARZ,TARC Resources Ltd.,ARX,TArgent Engy 6% Deb J,AET.DB,TArgent Engy 6.5 Db J,AET.DB.A,TArgent Energy Un J,AET.UN,TArgex Titanium Inc J,RGX,TArgex Titanium Deb J,RGX.DB,TArgonaut Gold Inc. J,AR,TArizona Mining Inc J,AZ,TArsenal Energy Inc J,AEI,TArtis REIT F Deb,AX.DB.F,TArtis REIT G US Deb,AX.DB.U,TArtis REIT Ser A Pr,AX.PR.A,TArtis REIT Ser E Pr,AX.PR.E,TArtis REIT Ser G Pr,AX.PR.G,TArtis REIT Pr C US,AX.PR.U,TArtis REIT Un,AX.UN,TAsanko Gold Inc. J,AKG,TAston Hill AdvBnd Un,MBB.UN,TAston Hill Advntg Un,AOG.UN,TAston Hill AdvVIP Un,AV.UN,TAston Hill Fin J,AHF,TAston HillFin 6.5DbJ,AHF.DB.A,TAstonHill VIP IncmUn,VIP.UN,TAtalaya Mining Ord J,AYM,TATCO Ltd. Cl I NV,ACO.X,TATCO Ltd. Cl II,ACO.Y,TAthabasca Oil Corp J,ATH,TAtlantic Power,ATP,TAtlantic Pwr 6.25 Db,ATP.DB.A,TAtlantic Pwr 5.6% Db,ATP.DB.B,TAtlantic Pwr 6% Db D,ATP.DB.D,TAtlantic Pwr5.75USDb,ATP.DB.U,TAtlantic Pwr Eq Pr 1,AZP.PR.A,TAtlantic Pwr Eq Pr 2,AZP.PR.B,TAtlantic Pwr Eq Pr 3,AZP.PR.C,TAtlatsa Res Corp. J,ATL,TAtrium Mtg Invest,AI,TAtrium Mtg Inv5.25Db,AI.DB,TAtrium Mtg Inv6.25Db,AI.DB.A,TAtrium Mtg Inv 5.5Db,AI.DB.B,TATS Automation Tool,ATA,TAura Minerals Inc. J,ORA,TAureus Mining Inc. J,AUE,TAuRico Metals Inc. J,AMI,TAurinia Pharma Inc J,AUP,TAustralia BncIncm Un,AUI.UN,TAustralian REIT A Un,HRR.UN,TAutoCanada Inc.,ACQ,TAutomotive Ppty Un,APR.UN,TAvalon Rare Metals J,AVL,TAvcorp Industries,AVP,TAvenira Ltd. Ord J,AEV,TAvigilon Corporation,AVO,TAvnel Gold Mining J,AVK,TAXIA NetMedia Corp J,AXX,TAzarga Uranium A J,AZZ,TB2Gold Corp. J,BTO,TBadger Daylighting,BAD,TBallard Power Sys,BLD,TBalmoral Resources J,BAR,TBank of Montreal,BMO,TBk of Mon Pr Ser 14,BMO.PR.K,TBk of Mon Pr Ser 15,BMO.PR.L,TBk of Mon Pr Ser 16,BMO.PR.M,TBk of Mon Pr Ser 25,BMO.PR.Q,TBk of Mon Pr Ser 17,BMO.PR.R,TBk of Mon Pr Ser 27,BMO.PR.S,TBk of Mon Pr Ser 29,BMO.PR.T,TBk of Mon Pr Ser 31,BMO.PR.W,TBk of Mon Pr Ser 33,BMO.PR.Y,TBk of Mon Pr Ser 35,BMO.PR.Z,TBank of Nova Scotia,BNS,TBank of N S Sr 19 Pr,BNS.PR.A,TBank of N S Sr 21 Pr,BNS.PR.B,TBank of N S Sr 23 Pr,BNS.PR.C,TBank of N S Sr 31 Pr,BNS.PR.D,TBank of N S Sr 34 Pr,BNS.PR.E,TBank of N S Sr 33 Pr,BNS.PR.F,TBank of N S Sr 14 Pr,BNS.PR.L,TBank of N S Sr 15 Pr,BNS.PR.M,TBank of N S Sr 16 Pr,BNS.PR.N,TBank of N S Sr 17 Pr,BNS.PR.O,TBank of N S Sr 18 Pr,BNS.PR.P,TBank of N S Sr 20 Pr,BNS.PR.Q,TBank of N S Sr 22 Pr,BNS.PR.R,TBank of N S Sr 30 Pr,BNS.PR.Y,TBank of N S Sr 32 Pr,BNS.PR.Z,TBankers Petroleum J,BNK,TBannerman Res Ord J,BAN,TBanro Corporation J,BAA,TBarclays Bank NtI-28,BXS.DB.C,TBarrick Gold Corp,ABX,TBaylin Tech Inc. J,BYL,TBaytex Energy Corp.,BTE,TBCE Inc.,BCE,TBCE Inc. Pr Ser AA,BCE.PR.A,TBCE Inc. Pr Ser AB,BCE.PR.B,TBCE Inc. Pr Ser AC,BCE.PR.C,TBCE Inc. Pr Ser AD,BCE.PR.D,TBCE Inc. Pr Ser AE,BCE.PR.E,TBCE Inc. Pr Ser AF,BCE.PR.F,TBCE Inc. Pr Ser AG,BCE.PR.G,TBCE Inc. Pr Ser AH,BCE.PR.H,TBCE Inc. Pr Ser AI,BCE.PR.I,TBCE Inc. Pr Ser AJ,BCE.PR.J,TBCE Inc. Pr Ser AK,BCE.PR.K,TBCE Inc. Pr Ser AM,BCE.PR.M,TBCE Inc. Pr Ser AO,BCE.PR.O,TBCE Inc. Pr Ser AQ,BCE.PR.Q,TBCE Inc. Pr Ser R,BCE.PR.R,TBCE Inc. Pr Ser S,BCE.PR.S,TBCE Inc. Pr Ser T,BCE.PR.T,TBCE Inc. Pr Series Y,BCE.PR.Y,TBCE Inc. Pr Series Z,BCE.PR.Z,TBecker Milk Cl B NV,BEK.B,TBellatrix Expl Ltd.,BXE,TBELLUS Health Inc.,BLU,TBelo Sun Mining J,BSX,TBengal Energy Ltd. J,BNG,TBig 8 Split Cl D Cap,BIG.D,TBig 8 Split Inc Pr D,BIG.PR.D,TBig Bank Big Oil Cap,BBO,TBig Bank Big Oil Pr,BBO.PR.A,TBig Rock Brewery Inc,BR,TBIOX Corporation J,BX,TBirchcliff Energy,BIR,TBirchcliff Engy Pr A,BIR.PR.A,TBirchcliff Engy Pr C,BIR.PR.C,TBird Construction,BDT,TBlack Diamond Group,BDI,TBlack Iron Inc. J,BKI,TBlackBerry Limited,BB,TBlackBerry 6% Deb US,BB.DB.U,TBlackPearl Res Inc J,PXX,TBloom Select Incm Un,BLB.UN,TBloom US Incm&Gro Un,BUA.UN,TBlue Ribbon Incm Un,RBN.UN,TBMO AggregateBnd ETF,ZAG,TBMO Cdn Dividend Un,ZDV,TBMO China Eq Idx ETF,ZCH,TBMO Coverd CallCdnBk,ZWB,TBMO DJ IndustAvg Un,ZWA,TBMO CoverdUtility Un,ZWU,TBMO Discount Bnd Un,ZDB,TBMO DJ IndAv Heg ETF,ZDJ,TBMO Em Mkt Bond HED,ZEF,TBMO Eql Wgt REITs Un,ZRE,TBMO Eq Wgt US Banks,ZUB,TBMO EqlWght US BkCAD,ZBK,TBMO EqWgt US Health,ZUH,TBMO Eql Wgt Util ETF,ZUT,TBMO Eq LnkCorpBnd Un,ZEL,TBMO EU DivCovCal C-H,ZWE,TBMO Fltg RtHi Yld Un,ZFH,TBMO Gbl Infrastr ETF,ZGI,TBMO HY US CrpHdg ETF,ZHY,TBMO India Eq Idx ETF,ZID,TBMO Int'l Div CAD Un,ZDI,TBMO Intl DivHg-CA Un,ZDH,TBMO Junior Gas ETF,ZJN,TBMO Junior Gold ETF,ZJG,TBMO Junior Oil ETF,ZJO,TBMO Laddered Pr Indx,ZPR,TBMO Long Crp Bnd ETF,ZLC,TBMO Lng Federal Bond,ZFL,TBMO LngProvBndCad Un,ZPL,TBMO Volatlty Cad Un,ZLB,TBMO LowVolIntl Eq Un,ZLI,TBMO LwVol IntlEq H-C,ZLD,TBMO LwVltyUSEq CADUn,ZLU,TBMO LwVltyUSEq US Un,ZLU.U,TBMO LowVol US Eq H-C,ZLH,TBMO Mid Crp Bond ETF,ZCM,TBMO Mid Fed Bnd Indx,ZFM,TBMO MidProvBnd CadUn,ZMP,TBMO MidUS IG HegBnd,ZMU,TBMO MidUSCrpBndCA Un,ZIC,TBMO MidUS CrpBnd USF,ZIC.U,TBMO Monthly Incm Un,ZMI,TBMO MSCI AllCntryWrl,ZGQ,TBMO MSCI EAFE HegCAD,ZDM,TBMO MSCI EAFE Idx Un,ZEA,TBMO MSCI EmrgMkts Un,ZEM,TBMO MSCI EU HiQltyUn,ZEQ,TBMO MSCI US HiQltyUn,ZUQ,TBMO Nasdaq EqHed ETF,ZQQ,TBMO Rl Return Bond,ZRR,TBMO S&P 500 Hedg-CAD,ZUE,TBMO S&P500 IdxCAD Un,ZSP,TBMO S&P500 Idx US Un,ZSP.U,TBMO S&P/TSX CompIndx,ZCN,TBMO Eql Wgt Bank ETF,ZEB,TBMO EW GblMtl Hd ETF,ZMT,TBMO S&P/TSX EqGld Un,ZGD,TBMO S&P/TSX EqInd Un,ZIN,TBMO EqWgt Oil&GasETF,ZEO,TBMO Shrt Crp Bnd ETF,ZCS,TBMO Shrt Fed Bnd ETF,ZFS,TBMO Shrt Prv Bnd ETF,ZPS,TBMO Sh-Trm US CrpBnd,ZSU,TBMO Ultra ShrtBnd Un,ZST,TBMO USDiv ETF CAD Un,ZDY,TBMO USDiv ETF USD Un,ZDY.U,TBMO USDiv Hdg-Cad Un,ZUD,TBMO US HighDivCov Un,ZWH,TBMO US HighDivCov US,ZWH.U,TBMO US Put Write CAD,ZPW,TBMO US Put Write USD,ZPW.U,TBMTC Group Inc.,GBT,TBNK Petroleum Inc. J,BKX,TBNS Split Corp. II A,BSC,TBNS Split II Pr 2,BSC.PR.C,TBoardwalk REIT Un,BEI.UN,TBombardier Cl A MV,BBD.A,TBombardier Cl B SV,BBD.B,TBombardier Ser 2 Pr,BBD.PR.B,TBombardier 6.25% Pr,BBD.PR.C,TBombardier Ser 3 Pr,BBD.PR.D,TBonavista Energy,BNP,TBonterra Energy Corp,BNE,TBoralex Inc. Cl A,BLX,TBoralex Inc 4.5% Deb,BLX.DB.A,TBoston Pizza Fnd Un,BPF.UN,TBoulder Energy Ltd.,BXO,TBoyd Grp Fnd 5.25 DB,BYD.DB.A,TBoyd Group Fnd Tr Un,BYD.UN,TBoyuan Constr J,BOY,TBoyuan Constr Deb J,BOY.DB.A,TBrampton Brick A SV,BBL.A,TBrand Leaders Fnd Un,HBL.UN,TBrand Lead+Incm A Un,HBF.UN,TBri-Chem Corp.,BRY,TBrick Brewing J,BRB,TBrompton Life Splt A,LCS,TBrompton LifeSplt Pr,LCS.PR.A,TBrompton Oil Splt A,OSP,TBrompton Oil Splt Pr,OSP.PR.A,TBrompton Splt Banc A,SBC,TBrompton Splt Bnc Pr,SBC.PR.A,TBrookfld Asset A LV,BAM.A,TBrookfld Asset Pr 32,BAM.PF.A,TBrookfld Asset Pr 34,BAM.PF.B,TBrookfld Asset Pr 36,BAM.PF.C,TBrookfld Asset Pr 37,BAM.PF.D,TBrookfld Asset Pr 38,BAM.PF.E,TBrookfld Asset Pr 40,BAM.PF.F,TBrookfld Asset Pr 42,BAM.PF.G,TBrookfld Asset Pr 44,BAM.PF.H,TBrookfld Asset Pr 2,BAM.PR.B,TBrookfld Asset Pr 4,BAM.PR.C,TBrookfld Asset Pr 8,BAM.PR.E,TBrookfld Asset Pr 9,BAM.PR.G,TBrookfld Asset Pr 13,BAM.PR.K,TBrookfld Asset Pr 17,BAM.PR.M,TBrookfld Asset Pr 18,BAM.PR.N,TBrookfld Asset Pr 24,BAM.PR.R,TBrookfld Asset Pr 26,BAM.PR.T,TBrookfld Asset Pr 28,BAM.PR.X,TBrookfld Asset Pr 30,BAM.PR.Z,TBrookfld Cda Office,BOX.UN,TBrkfld GlbInfras Sec,BGI.UN,TBrookfield HiYldStgy,BHY.UN,TBrookfield Infras Pr,BIP.PR.A,TBrookfield InfrasPr3,BIP.PR.B,TBrookfield Infras Un,BIP.UN,TBrookfld Office PrAA,BPO.PR.A,TBrookfld Office Pr H,BPO.PR.H,TBrookfld Office Pr J,BPO.PR.J,TBrookfld Office Pr K,BPO.PR.K,TBrookfld Office Pr N,BPO.PR.N,TBrookfld Office Pr P,BPO.PR.P,TBrookfld Office Pr R,BPO.PR.R,TBrookfld Office Pr T,BPO.PR.T,TBrookfld Off US Pr G,BPO.PR.U,TBrookfld Office Pr W,BPO.PR.W,TBrookfld Office Pr V,BPO.PR.X,TBrookfld Office Pr Y,BPO.PR.Y,TBrookfld Ppty LP Un,BPY.UN,TBrookfld Ppty Pr 2,BPS.PR.A,TBrookfld Ppty Pr 3,BPS.PR.B,TBrookfld Ppty Pr 4,BPS.PR.C,TBrookfld Pty Pr 1 US,BPS.PR.U,TBrookfield Rl Est RV,BRE,TBrookfield Renew Pr5,BEP.PR.E,TBrookfield Renew Pr7,BEP.PR.G,TBrookfield Renew Un,BEP.UN,TBrookfld Renew Pr 1,BRF.PR.A,TBrookfld Renew Pr 2,BRF.PR.B,TBrookfld Renew Pr 3,BRF.PR.C,TBrookfld Renew Pr 5,BRF.PR.E,TBrookfld Renew Pr 6,BRF.PR.F,TBrookfld Selct Oppor,BSO.UN,TBrookfld Snd Eqty Un,BSE.UN,TBrookfield Sndvst Pr,BSD.PR.A,TBrookfld Sndvest Cap,BSD.UN,TBRP Inc. SV,DOO,TBSM Tech Inc. J,GPS,TBTB REIT 7.25% D Deb,BTB.DB.D,TBTB REIT 6.9% E Deb,BTB.DB.E,TBTB REIT 7.15% F Deb,BTB.DB.F,TBTB REIT Un,BTB.UN,TBuhler Industries,BUI,TBurcon NutraSci J,BU,TCAE Inc.,CAE,TCaldwell Partners,CWL,TCaldwell US Div Un,UDA.UN,TCaledonia Mining,CAL,TCalfrac Well Serv,CFW,TCalian Technologies,CTY,TCallidus Cap Corp,CBL,TCameco Corporation,CCO,TCan-Fin Incm Eqty NV,FIC,TCanaccord Genuity,CF,TCanaccord Gen A Pr,CF.PR.A,TCanaccord Gen C Pr,CF.PR.C,TCanacol Energy J,CNE,TCdn 50 Advan Pref Un,CPF.UN,TCdn Apartment Tr Un,CAR.UN,TCdn Banc Corp Cl 'A',BK,TCdn Banc Corp. Pr,BK.PR.A,TCdn Convert Plus Un,CCI.UN,TCdn Crude Oil Idx Un,CCX,TCdn Energy Serv&Tech,CEU,TCanadian General Inv,CGI,TCdn General 3.90% Pr,CGI.PR.C,TCdn General 3.75% Pr,CGI.PR.D,TCdn High Incm Eq Un,CIQ.UN,TCdn HighYld Focus Un,CAH.UN,TCdn Imperial Bank,CM,TCdn Imp Bk Ser 39 Pr,CM.PR.O,TCdn Imp Bk Ser 41 Pr,CM.PR.P,TCdn Imp Bk Ser 43 Pr,CM.PR.Q,TCdn Life Co Split A,LFE,TCdn Life CoSplt Pr12,LFE.PR.B,TCdn Nat'l Railway,CNR,TCanadian Natural Res,CNQ,TCdn Oil Sands Ltd.,COS,TCdn Pacific Railway,CP,TCdn Preferred Shr Un,PFT.UN,TCdn Real Estate Un,REF.UN,TCdn Resources Tr Un,RTU.UN,TCanadian Tire Corp,CTC,TCanadian Tire A NV,CTC.A,TCdn Util & Tel FndUn,UTE.UN,TCdn Utilities A NV,CU,TCdn Util 2nd Pr Y,CU.PR.C,TCdn Util 2nd Pr AA,CU.PR.D,TCdn Util 2nd Pr BB,CU.PR.E,TCdn Util 2nd Pr CC,CU.PR.F,TCdn Util 2nd Pr DD,CU.PR.G,TCdn Util 2nd Pr EE,CU.PR.H,TCdn Util 2nd Pr FF,CU.PR.I,TCdn Utilities Cl B,CU.X,TCdn Wstrn Bank,CWB,TCdn Wstrn Bk Sr 5 Pr,CWB.PR.B,TCdn World Fund Ltd,CWF,TCdn Zinc Corp. J,CZN,TCanam Group Inc.,CAM,TCanarc Resource J,CCM,TCanBanc 8IncmCorp Eq,CBF,TCandente Copper J,DNT,TCanexus Corp.,CUS,TCanexus Corp. IV Deb,CUS.DB.B,TCanexus Corp 6% V Db,CUS.DB.C,TCanexus Corp VI Deb,CUS.DB.D,TCanfor Corporation,CFP,TCanfor Pulp Products,CFX,TCanlan Ice Sports,ICE,TCanoe CdnDivers Incm,ODI.UN,TCanoe EIT Income Un,EIT.UN,TCanoe US Strtgc U Un,OUY.U,TCanoe US Strtgc A Un,OUY.UN,TCanso Credit A Un,PBY.UN,TCanso Slct Oppor Un,SCW.UN,TCanWel Building Grp,CWX,TCanWel Bldg 5.85 Deb,CWX.DB,TCanyon Services Grp,FRC,TCapital Power Corp.,CPX,TCapital Pwr Ser 1 Pr,CPX.PR.A,TCapital Pwr Ser 3 Pr,CPX.PR.C,TCapital Pwr Ser 5 Pr,CPX.PR.E,TCapstone Infras Corp,CSE,TCapstone Infr 6.5 Db,CSE.DB.A,TCapstone Infr Pr A,CSE.PR.A,TCapstone Mining J,CS,TCapstone Pwr 6.75 Db,CPW.DB,TCara Operations SV,CAO,TCardero Resource J,CDU,TCardinal Energy J,CJ,TCardinal Engy Deb J,CJ.DB,TCardiome Pharma Corp,COM,TCargojet Inc.,CJT,TCargojet Inc. VV,CJT.A,TCargojet Inc 6.5% Db,CJT.DB.A,TCargojet Inc 5.5% Db,CJT.DB.B,TCaribbean Ut Cl A US,CUP.U,TCarmanah Tech Corp.,CMH,TCascades Inc.,CAS,TCatalyst Paper Crp J,CYT,TCathedral Engy Serv,CET,T"Caza Oil & Gas, J",CAZ,TCCL Industries Cl A,CCL.A,TCCL Industries Cl B,CCL.B,TCelestica Inc SV,CLS,TCenovus Energy Inc.,CVE,TCentamin plc. Ord,CEE,TCenterra Gold Inc.,CG,TCentral Fund Cl A NV,CEF.A,TCentral Fund A NV US,CEF.U,TCentric Health J,CHH,TCentric Health Notes,CHH.NT,TCentury Glbl Cmdty J,CNT,TCequence Energy Ltd.,CQE,TCeres Global Ag Corp,CRP,TCervus Equipment,CVL,TCervus Equipmnt 6%Db,CVL.DB,TCGI Group Cl A SV,GIB.A,TChalice Gold Ord J,CXN,TChampion Iron Ord J,CIA,TChartwell 5.7% Deb,CSH.DB.B,TChartwell Retire Un,CSH.UN,TChemtrade Logist Deb,CHE.DB,TChemtrade Lgst5.75Db,CHE.DB.A,TChemtrade Lgst5.25Db,CHE.DB.B,TChemtrade Logistc Un,CHE.UN,TChesswood Group Ltd.,CHW,TChesswood Grp 6.5 Db,CHW.DB,TChina Gld Intl Res J,CGG,TChinook Energy Inc.,CKE,TChoice Ppty REIT Un,CHP.UN,TChorus Aviation A VV,CHR.A,TChorus Aviation B V,CHR.B,TCI Financial Corp.,CIX,TCIBT Education Grp J,MBA,TCineplex Inc.,CGX,TCineplex Inc 4.5% Db,CGX.DB.A,TCipher Pharma J,CPH,TCitadel Incm Fund Un,CTF.UN,TClairvest Group Inc,CVG,TClarke Inc.,CKI,TClaude Resources Inc,CRJ,TClearwater Seafoods,CLR,TCNOOC Limited ADRs,CNU,TCo-operators Sr C Pr,CCS.PR.C,T"Coeur Mining, Inc Wt",CDM.WT,TCogeco Commun Inc SV,CCA,TCogeco Inc. SV,CGO,TColabor Group Inc.,GCL,TColabor Grp 5.7% Deb,GCL.DB.A,TColliers Intl Grp SV,CIG,TColumbus Gold Corp J,CGT,TCominar Real Est Un,CUF.UN,TCommerce Split Cap,YCM,TCommerce Split I Pr,YCM.PR.A,TCommerce Split II Pr,YCM.PR.B,TCOMPASS Incm Fund Un,CMZ.UN,TComputer Modelling J,CMG,TConcordia Hlthcare J,CXR,TCondor Petroleum J,CPI,TConifex Timber Inc.,CFF,TConnacher Oil & Gas,CLC,TCons HCI Hldgs Cl B,CXA.B,TConstellation Softwr,CSU,TConstellation Deb 1,CSU.DB,TContinental Gold J,CNL,TContl Precious Min J,CZQ,TConvertible DbIncmUn,OCV.UN,TCopper Mountain J,CUM,TCorby Spirit&Wine A,CSW.A,TCorby Spirit&Wn B NV,CSW.B,TCore Cdn Dividend Un,CDD.UN,TCoro Mining Corp. J,COP,TCorridor Resources,CDH,TCorus Entertnmnt B,CJR.B,TCorus Entertnmt Rec,CJR.R,TCorvus Gold Inc. J,KOR,TCott Corporation,BCB,TCounterPath Corp. J,CCV,TCoxe Commodity A Un,COX.UN,TCoxe Glbl AgriBus Un,CAG.UN,TCPI Card Group Inc.,PNT,TCrescent Point Corp.,CPG,TCrew Energy Inc.,CR,TCRH Medical Corp. J,CRH,TCritical Control J,CCZ,TCrius Energy Tr Un,KWH.UN,TCrombie REIT 5% Deb,CRR.DB.D,TCrombie REIT 5.25 Db,CRR.DB.E,TCrombie Real Est Un,CRR.UN,TCrosswinds Hldgs J,CWI,TCrown Cap Partners J,CRN,TCT Rl Est Invest Un,CRT.UN,TCU Inc. Pr Ser 1,CIU.PR.A,TCU Inc. Pr Ser 4,CIU.PR.C,TCurrency Exch Intl J,CXI,TCurrency Exchg 'S' J,CXI.S,TCymbria Corp Cl A NV,CYB,TCynapsus Therpeutc J,CTH,TD-Box Tech Inc. A J,DBO,TDalradian Res Inc. J,DNA,TDalradian Res Wt A J,DNA.WT.A,TDanier Leather SV,DL,TData Group Ltd.,DGI,TData Group 6.00% Deb,DGI.DB.A,TDataWind Inc. J,DW,TDDJ High Yld Fund Un,HYB.UN,TDelphi Energy Corp.,DEE,TDenison Mines Corp,DML,TDescartes Systems,DSG,TDetour Gold Corp J,DGC,TDH Corporation,DH,TDH Corp. 6.0% Deb,DH.DB,TDH Corp. 5% Deb,DH.DB.A,TDHX Media Ltd. VV,DHX.A,TDHX Media Ltd.,DHX.B,TDiagnoCure Inc. J,CUR,TDifference Cap Fin J,DCF,TDifference Cap 8%DbJ,DCF.DB,TDIR Industrl Ppty Db,DIN.DB,TDirectCash Payments,DCI,TDIRTT Env Solution J,DRT,TDiscovery Air Cl A J,DA.A,TDiscovry Air 8.375Db,DA.DB.A,TDivers Rylty Corp. J,DIV,TDividend 15 Splt A,DFN,TDividend 15 Splt Pr,DFN.PR.A,TDividend 15Split 2 A,DF,TDividend 15Splt 2 Pr,DF.PR.A,TDiv Growth Splt Cl A,DGS,TDiv Growth Split Pr,DGS.PR.A,TDividend Select 15Eq,DS,TDollarama Inc.,DOL,TDominion Citrus Un,DOM.UN,TDominion Diamond,DDC,TDomtar Corporation,UFS,TDorel Ind Inc A MV,DII.A,TDorel Ind Inc B SV,DII.B,TDorel Ind 5.5% Db US,DII.DB.U,TDoubleLine Incm A Un,DSL.UN,TDragonWave Inc.,DWI,TDragonWave Inc Wt,DWI.WT,TDream Glbl REIT Deb,DRG.DB,TDream Global REIT Un,DRG.UN,TDream Hrd AsetAlt Un,DRA.UN,TDream Indust 5.25 Db,DIR.DB,TDream Industrl REIT,DIR.UN,TDream Offc REIT H Db,D.DB.H,TDream Offc REIT K Db,D.DB.K,TDream Office REIT Un,D.UN,TDREAM Unltd Cl A SV,DRM,TDREAM Unltd 1st Pr,DRM.PR.A,TDundee Acquis A RV,DAQ.A,TDundee Acquis Wt,DAQ.WT,TDundee Corp. Cl A SV,DC.A,TDundee Corp. Pr 2,DC.PR.B,TDundee Corp 1st Pr 3,DC.PR.D,TDundee Corp Pr 5,DC.PR.E,TDundee Corp Wt,DC.WT,TDundee Energy Ltd. J,DEN,TDundee Precious Mtl,DPM,TDXI Energy Inc J,DXI,TDynacor Gold Mines J,DNG,TDynasty Metals Inc J,DMM,TE-L Financial Corp.,ELF,TE-L Financial 1st Pr,ELF.PR.F,TE-L Financl 4.75 Pr2,ELF.PR.G,TE-L Financl 5.5 Pr 3,ELF.PR.H,TEagle Energy Inc. J,EGL,TEast Coast InvGrd Un,ECF.UN,TEastern Platinum J,ELR,TEastmain Resources J,ER,TEchelon Fin Hldgs,EFH,TEclipse ResidntMtg A,ERM,TEco Oro Minerals J,EOM,TEconomic Investment,EVT,TEcopetrol SA ADRs,ECP,TEcoSynthetix Inc. J,ECO,TEldorado Gold Corp.,ELD,TElectrovaya Inc.,EFL,TElement Fin Corp.,EFN,TElement Fin 5.125 Db,EFN.DB,TElement Fin 4.25% Db,EFN.DB.A,TElement Fin Pr A,EFN.PR.A,TElement Fin Pr C,EFN.PR.C,TElement Fin Pr E,EFN.PR.E,TElement Fin Pr G,EFN.PR.G,TEmera Incorporated,EMA,TEmera Inc. Rec,EMA.IR,TEmera Inc. Ser A Pr,EMA.PR.A,TEmera Inc. Ser B Pr,EMA.PR.B,TEmera Inc. Ser C Pr,EMA.PR.C,TEmera Inc. Ser E Pr,EMA.PR.E,TEmera Inc. Ser F Pr,EMA.PR.F,TEmpire Co Cl A NV,EMP.A,TEnbridge Inc.,ENB,TEnbridge Ser 9 Pr,ENB.PF.A,TEnbridge Ser 11 Pr,ENB.PF.C,TEnbridge Ser 13 Pr,ENB.PF.E,TEnbridge Ser 15 Pr,ENB.PF.G,TEnbridge Ser L US Pr,ENB.PF.U,TEnbridge Ser 5 US Pr,ENB.PF.V,TEnbridge 5.50% Pr,ENB.PR.A,TEnbridge Inc Sr B Pr,ENB.PR.B,TEnbridge Inc Sr D Pr,ENB.PR.D,TEnbridge Inc Sr F Pr,ENB.PR.F,TEnbridge Inc Sr H Pr,ENB.PR.H,TEnbridge Ser 7 Pr,ENB.PR.J,TEnbridge Inc Sr N Pr,ENB.PR.N,TEnbridge Inc Sr P Pr,ENB.PR.P,TEnbridge Inc Sr R Pr,ENB.PR.T,TEnbridge Sr J US Pr,ENB.PR.U,TEnbridge Ser 1 US Pr,ENB.PR.V,TEnbridge Ser 3 Pr,ENB.PR.Y,TEnbridge Incm Hldgs,ENF,TEnCana Corporation,ECA,TEndeavour Mining Ord,EDV,TEndeavour Silver J,EDR,TEndo Int'l plc Ord,ENL,TEnerCare Inc.,ECI,TEnerCare 6.25% Deb,ECI.DB,TEnerflex Ltd.,EFX,TEnergizer Res Inc J,EGZ,TEnergy Credit Opp U,PCF.U,TEnergy Credit Opp A,PCF.UN,TEnergy Fuels Inc. J,EFR,TEnergy Fuels Deb J,EFR.DB,TEnergy Income Fnd Un,ENI.UN,TEnergy Leaders Tr Un,HEN.UN,TEnergy Leadr+Incm Un,HPF.UN,TEnerplus Corporation,ERF,TEnghouse Systems Ltd,ESL,TEnsign Engy Services,ESI,TEnterprise Group Inc,E,TENTREC Corporation,ENT,TENTREC Corp Deb,ENT.DB,TEntree Gold Inc. J,ETG,TEpsilon Energy Ltd J,EPS,TEpsilon Engy Ltd DbJ,EPS.DB,TEqual Engy 6.75% Deb,EQU.DB.B,TEquitable Group Inc.,EQB,TEquitable Grp Pr 3,EQB.PR.C,TEqty Financl Hldgs J,EQI,TEra Resources Inc. J,ERX,TErdene Res Dev J,ERD,TEspial Group Inc. J,ESP,TEssa Pharma Inc. J,EPI,TEssential Energy Ltd,ESN,TEtrion Corporation J,ETX,TEU Bl-Chp DivGrow Un,EBC.UN,TEuropean Stratgc Bal,EBF.UN,TEvertz Technologies,ET,TexactEarth Ltd. J,XCT,TExcel IndiaGrow Incm,EGI.UN,TExcellon Resources J,EXN,TExchange Income Corp,EIF,TExchange Incm 6.25Db,EIF.DB.D,TExchange Incm 7Yr Db,EIF.DB.E,TExchng Incm 5.35 Deb,EIF.DB.F,TExchange Incm 6% Deb,EIF.DB.G,TExco Technologies,XTC,TExeter Resource J,XRC,TEXFO Inc. SV,EXF,TExtendicare Inc.,EXE,TExtendicare 6% Deb,EXE.DB.B,TFaircourt Gld Incm A,FGX,TFaircourt Split 6%Pr,FCS.PR.C,TFaircourt Splt Tr Un,FCS.UN,TFairfax Financial SV,FFH,TFairfax Fin Ser C Pr,FFH.PR.C,TFairfax Fin Ser D Pr,FFH.PR.D,TFairfax Fin Ser E Pr,FFH.PR.E,TFairfax Fin Ser F Pr,FFH.PR.F,TFairfax Fin Ser G Pr,FFH.PR.G,TFairfax Fin Ser H Pr,FFH.PR.H,TFairfax Fin Ser I Pr,FFH.PR.I,TFairfax Fin Ser J Pr,FFH.PR.J,TFairfax Fin Ser K Pr,FFH.PR.K,TFairfax Fin Ser M Pr,FFH.PR.M,TFairfax Fin SV USF,FFH.U,TFairfax India SV USF,FIH.U,TFennec Pharmaceut J,FRX,TFennec Pharma Wt J,FRX.WT,TFiera Capital A SV,FSZ,TFinancial 15 Splt A,FTN,TFinancial 15 Splt Pr,FTN.PR.A,TFinning Int'l Inc.,FTT,TFiran Tech Grp Corp.,FTG,TFirm Cap Mtg Invest,FC,TFirm Cap Mtg 5.75%Db,FC.DB.A,TFirm Cap Mtg 5.4% Db,FC.DB.B,TFirm Cap Mtg 5.25%Db,FC.DB.C,TFirm Cap Mtg 4.75 Db,FC.DB.D,TFirm Cap Mtg 5.3% Db,FC.DB.E,TFirm Cap Mtg 5.5% Db,FC.DB.F,T1stAst 1-5GvtStBndUn,BXF,T1stAst 1-5GvtStBndAd,BXF.A,T1st AsstActvCADiv Un,FDV,T1st AsstActvCADiv Ad,FDV.A,T1st AsstActvCredt Un,FAO,T1st AstActvCrdtCA$Ad,FAO.A,T1st AsstActvCredt US,FAO.U,T1st AstActvCrdtUS$Ad,FAO.V,T1st AstActUtilInfrUn,FAI,T1st AstActUtilInfrAd,FAI.A,T1stAsset EngyCall Un,OXF,T1st AssetEngy Adv Un,OXF.A,T1stAsset Material Un,MXF,T1stAsst Materials Ad,MXF.A,T1st Asset ConvBnd Un,CXF,T1st Asst ConvBnd Adv,CXF.A,T1st Asset CdnConv Un,ADC.UN,T1st Asset CdnREIT Un,RIT,T1st AssetCdn REIT Ad,RIT.A,T1st Ast CanBanc Incm,CIC,T1stAst CoreBalncd Un,CBB,T1stAssetCoreBlncd Ad,CBB.A,T1st AstCoreCdn Eq Un,CED,T1st AstCoreCdn Eq Ad,CED.A,TFirst AsstCoreCdnETF,CSY,T1st AstCoreUSEqtC$Un,CES,T1st AstCoreUSEq C$Ad,CES.A,T1st AstCoreUSEqC$U-H,CES.B,T1st AstCoreUSEqC$UHA,CES.D,T1st AstCoreUS$U-H Un,CES.U,T1st AstCoreUS$U-H Ad,CES.V,T1st Asset Divers Un,DCD.UN,T1st Asset EngyRes Un,TRF.UN,T1stAstEngyGiantCovUn,NXF,T1stAstEngyGiantCovAd,NXF.A,T1stAstEngyGiatUnhgUn,NXF.B,T1stAstEngyGiatUnhgAd,NXF.D,T1stAsst Glb MmtmCA-H,FGM,T1stAsstGlbl MomentCl,FGL,T1st Aset GlblValCA-h,FGV,T1st Asset GlblVal Cl,FGU,T1stAst HamCpEU ETFUn,FHB,T1stAst HamCpEU ETFAd,FHB.A,T1stAst HamCpEU FndUn,EB.UN,T1stAsst MornstrDiv30,DXM,T1stAsst MornDiv30Adv,DXM.A,T1stAsst MornMomnt Un,WXM,T1stAsst MornMomentAd,WXM.A,T1stAst MornCdaVal Un,FXM,T1stAst MornCdaVal Ad,FXM.A,T1stAst MornIntlMomUn,ZXM,T1stAst MornIntlMomAd,ZXM.A,T1stAst IntlMomUnhgUn,ZXM.B,T1stAst IntlMomUhg Ad,ZXM.D,T1stAsst MrnIntlValUn,VXM,T1stAsst MrnIntlValAd,VXM.A,T1stAst IntlValUnhgUn,VXM.B,T1stAst IntlValUnhgAd,VXM.D,T1stAsst MornstrNBkQC,QXM,T1stAsst MornNBkQC Ad,QXM.A,T1stAst MornUS Consmr,UCD.UN,T1stAstUS Div50 Un,UXM,T1stAstUS Div50 Ad Un,UXM.A,T1stAstUS Dv50 UnhgUn,UXM.B,T1stAstUS Div50UnhgAd,UXM.D,T1st Ast US Moment Un,YXM,T1st AstUSMmnt Adv Un,YXM.A,T1st AstUSMmntUnhegUn,YXM.B,T1st AstUSMmnt UnhgAd,YXM.D,T1stAstMrnStrUSVal Un,XXM,T1stAstMrnstrUSVal AD,XXM.A,T1stAst MrnUS ValUnhg,XXM.B,T1stAstMrnUSValUnhgAd,XXM.D,T1st AstMSCI CdaLR Un,RWC,T1st AstMSCI CdaLR Ad,RWC.A,T1stAst MSCI EurLR Un,RWE,T1stAst MSCI EurLR Ad,RWE.A,T1stAst EurLR Unhg Un,RWE.B,T1stAst EurLR Unhg Ad,RWE.D,T1st Ast MSCI USA Un,RWU,T1st Ast MSCI USA Adv,RWU.A,T1stAstMSCI USA Unheg,RWU.B,T1st Ast USA Unheg Ad,RWU.D,T1st AstMSCI World Un,RWW,T1st AstMSCI Wrld Adv,RWW.A,T1st AstMSCI WrldUnhg,RWW.B,T1st AstMSCI WrlUnhgA,RWW.D,T1st Asset ProvBnd Un,PXF,T1st Asset ProvBnd Ad,PXF.A,T1stAsst ST GovtBndCl,FGB,T1stAstTech Giants Un,TXF,T1stAstTech Giant Adv,TXF.A,T1st Ast US&CdaLifeco,FLI,T1stAst US&CdaLfecoAd,FLI.A,TFirst Capital Realty,FCR,TFirst Cap Jan 5.4 Db,FCR.DB.E,TFirst Cap Jan 5.25Db,FCR.DB.F,TFirst Cap Mar 5.25Db,FCR.DB.G,TFirst Cap Mar 4.95Db,FCR.DB.H,TFirst Cap Jul 4.75Db,FCR.DB.I,TFirst Cap Feb 4.45Db,FCR.DB.J,TFirst Majestic J,FR,TFirst Nat'l Fin Corp,FN,T1st Natl Fin Sr 1 Pr,FN.PR.A,T1st Natl MtgInvst Un,FNM.UN,TFirst Point Min J,FPX,TFirst Quantum Mnrl J,FM,T1st Tr AlphCdnDiv Un,FDY,T1st Tr AlphCdnDiv Ad,FDY.A,T1st Tr AlphEmrgMktUn,FDE,T1st Tr AlphEmrgMktAd,FDE.A,T1st TrAlphDEX EU Div,EUR,T1st TrAlphDX EUDivAd,EUR.A,T1stTr AlpDEX US Dscr,FHD,T1stTr AlpDEX US Stpl,FHC,T1st Tr AlphaUSDiv Un,FUD,T1st Tr AlphaUSDivAdv,FUD.A,T1stTrAlphDEX US Engy,FHE,T1stTr AlphDEX US Fin,FHF,T1stTr AlpDEX US Hlth,FHH,T1stTr AlphDEX US Ind,FHG,T1stTr AlpDEX US Mtrl,FHM,T1stTr AlpDEX US Tech,FHQ,T1stTr AlpDEX US Util,FHU,T1st Tr Glbl DivSkr A,FDS.UN,T1st Tr Glb RskMngeUn,ETP,T1st Tr Glb RskMngeAd,ETP.A,T1st Tr SnrLoan Cad-H,FSL,T1st Tr SnrLoanC-H Ad,FSL.A,T1st Tr ShDurHiYld Un,FSD,T1st Tr ShDurHiYld Ad,FSD.A,T1st Tr TacticlBnd Un,FTB,TFirstService Corp SV,FSV,TFission Uranium J,FCU,TFlaherty&Crum Fix Un,FFI.UN,TFloating Rate Fnd Un,OFR.UN,TForaco Int'l SA,FAR,TFormation Metals J,FCO,TForsys Metals Corp J,FSY,TFortis Inc.,FTS,TFortis Inc. 1st Pr E,FTS.PR.E,TFortis Inc. 1st Pr F,FTS.PR.F,TFortis Inc. 1st Pr G,FTS.PR.G,TFortis Inc. 1st Pr H,FTS.PR.H,TFortis Inc.1st Pr I,FTS.PR.I,TFortis Inc. 1st Pr J,FTS.PR.J,TFortis Inc. 1st Pr K,FTS.PR.K,TFortis Inc. 1st Pr M,FTS.PR.M,TFortress Paper Ltd A,FTP,TFortress Paper 6.5Db,FTP.DB,TFortress Paper 7% Db,FTP.DB.A,TFortuna Silver Mines,FVI,TFortune Bay Corp. J,FOR,TFortune Minerals J,FT,TFP Newspapers Inc.,FP,TFranco-Nevada Corp.,FNV,TFranco-Nevada Wt A,FNV.WT.A,TFreegold Ventures J,FVL,TFreehold Royalties,FRU,TGabriel Resources J,GBU,TGamehost Inc.,GH,TGazit-Globe Ltd. Ord,GZT,TGDI Integrated SV J,GDI,TGear Energy Ltd.,GXE,TGendis Inc.,GDS,TGeneNews Limited J,GEN,T"General Moly, Inc.",GMO,TGeneral Motors Co US,GMM.U,TGenesis Land Dev,GDC,TGenworth MI Canada,MIC,TGeodrill Limited Ord,GEO,TGeologix Expl Inc. J,GIX,TWeston George,WN,TWeston George 1 Pr,WN.PR.A,TWeston George III Pr,WN.PR.C,TWeston George IV Pr,WN.PR.D,TWeston George V Pr,WN.PR.E,TGibraltarGrwthA RV J,GBG.A,TGibraltar Grwth Wt J,GBG.WT,TGibson Energy Inc,GEI,TGildan Activewear,GIL,TGlacier Media Inc. J,GVC,TGLG Life Tech Corp J,GLG,TGlbl Adv Tel&Util Un,HGI.UN,TGlobl Alpha World Un,GAF.UN,TGlobal Cap Sec A Un,NAF.UN,TGlbl Champions Pr 1,GCS.PR.A,TGlobe Divers Grd 2Un,GII.UN,TGlobal Dividend Un,GDP.UN,TGlbl Div Growers Un,GDG.UN,TGlbl HealthcareDvdFd,GHC.UN,TGlobal Healthcare Un,HIG.UN,TGlobal Infras Div Un,GIF.UN,TGlobal RlEstDivGroEq,GRL,TGlobal WaterSolut Un,HTO.UN,TGlobalance Div GroEq,GBF,TGlobex Mining Ent J,GMX,TGluskin Sheff + Assc,GS,TGMP Capital Inc.,GMP,TGMP Capital Ser B Pr,GMP.PR.B,Tgoeasy Ltd.,GSY,TGoGold Resources J,GGD,TGoldcorp Inc.,G,TGolden Minerals J,AUM,TGolden Queen Mng J,GQM,TGolden Star Resource,GSC,TGoldgroup Mining J,GGA,TGoldman Sachs US Un,GSB.UN,TGoodfellow Inc.,GDL,TGoodman Gold Tr Un,GGT.UN,TGran Colombia Gold J,GCM,TGran Colombia 18USDb,GCM.DB.U,TGran Colombia 20USDb,GCM.DB.V,TGran Colombia A Wt J,GCM.WT.A,TGran Tierra Energy J,GTE,TGran Tierra Exchg J,GTX,TGranite Oil Corp. J,GXO,TGranite Rl Est Tr Un,GRT.UN,TGreat Cdn Gaming,GC,TGt Panther Silver J,GPR,TGreat-West Lifeco,GWO,TGt-West Lifeco Pr F,GWO.PR.F,TGt-West Lifeco Pr G,GWO.PR.G,TGt-West Lifeco Pr H,GWO.PR.H,TGt-West Lifeco Pr I,GWO.PR.I,TGt-West Lifeco Pr L,GWO.PR.L,TGt-West Lifeco Pr M,GWO.PR.M,TGt-West Lifeco Pr N,GWO.PR.N,TGt-West Lifeco Pr O,GWO.PR.O,TGt-West Lifeco Pr P,GWO.PR.P,TGt-West Lifeco Pr Q,GWO.PR.Q,TGt-West Lifeco Pr R,GWO.PR.R,TGt-West Lifeco Pr S,GWO.PR.S,TGuardian Capital,GCG,TGuardian Cap Cl A NV,GCG.A,TGuestLogix Inc. J,GXI,TGuestLogix 7% Deb J,GXI.DB,TGuyana Goldfields J,GUY,TGVIC Commun Cl B,GCT,TGVIC Commun Cl C NV,GCT.C,TGWR Global Water Res,GWR,TH&R REIT 5.90% Deb,HR.DB.D,TH&R REIT 4.5% 2016Db,HR.DB.E,TH&R REIT 5.40% Deb,HR.DB.H,TH&R Rl Est Staple Un,HR.UN,THalogen Software,HGN,THamilton CapGlb Bk E,HBG,THammond Mfg Cl A SV,HMM.A,THammond Power A SV,HPS.A,THanwei Energy Serv,HE,THardwoods Dist Inc.,HWD,THarte Gold Corp. J,HRT,THealthcare LdrIncmUn,HHL.UN,THealthcare SpecOp Un,MDS.UN,THelix BioPharma,HBP,THeron Res Ltd Ord J,HER,THeroux-Devtek Inc.,HRX,THigh Arctic Engy Inc,HWO,THigh Liner Foods Inc,HLF,THigh Rock CdnHiYld A,HHY.UN,THNZ Group Inc.,HNZ.A,THNZ Group Inc. VV,HNZ.B,THolloway Lodge Crp J,HLC,THolloway 6.25 Db B J,HLC.DB,THolloway 7.5% Deb J,HLC.DB.A,THome Capital Group,HCG,THorizon Nth Logstc J,HNL,THorizon ActvCdnBndUn,HAD,THorizon ActvCdnBndAd,HAD.A,THorizons Cdn Div E,HAL,THorizons Cdn Div Adv,HAL.A,THorizn ActCdnMunBd E,HMP,THorizn ActCdnMunBdAd,HMP.A,THorizon CorpBnd E Un,HAB,THorizons CorpBnd Adv,HAB.A,THorizon ActvEmrgDvUn,HAJ,THorizon ActvEmrgDvAd,HAJ.A,THorizon FltgRtBnd Un,HFR,THorizons FltgBnd Adv,HFR.A,THorizn ActFltgPref E,HFP,THorizn ActFltgPr Adv,HFP.A,THorizn ActvFltLoan E,HSL,THorizn ActvFltLn Ad,HSL.A,THorizon GlblDiv E Un,HAZ,THorizons GlblDiv Adv,HAZ.A,THorizon ActiveGlbl E,HAF,THorizon ActiveGlb Ad,HAF.A,THorizon HighYldBnd E,HYI,THorizon HighYldBndAd,HYI.A,THorizon Pref Cl E Un,HPR,THorizons Pref Adv Un,HPR.A,THorizons ActvUSDiv E,HAU,THorizons ActvUSDivAd,HAU.A,THorizons ActvUSDivUS,HAU.U,THorizons USFltgBndCA,HUF,THorizons USFltgBndUS,HUF.U,THorizons USFltgBndAd,HUF.V,THorizons AuspiceE Un,HMF,THorizons Auspice Adv,HMF.A,THorizon Gld Bear+ Un,HBD,THorizon Gld Bull+ Un,HBU,THorizon COMEXSlvr Br,HZD,THorizon COMEXSlvr Bl,HZU,THorizons NASDQ100 Br,HQD,THorizons NASDQ100 Bl,HQU,THorizon CrdeOil BrUn,HOD,THorizon CrdOil Bl+Un,HOU,THorizon NatGas Br+Un,HND,THorizon NatGas BulUn,HNU,THorizons S&P500 Br A,HSD,THorizons S&P500 Bl A,HSU,THorizon SP500Inverse,HIU,THorizon ShrtFutr Bl+,HVU,THorizon ShTrm Futr A,HUV,THorizons 500VIXSH Un,HVI,THorizon Beta60Bear A,HXD,THorizon Beta60Bull A,HXU,THorizons 60 Invrs A,HIX,THorizon BetaEngyBear,HED,THorizon BetaEngyBull,HEU,THorizon BetaFin Bear,HFD,THorizon BetaFin Bull,HFU,THorizon BetaGld Bear,HGD,THorizon BetaGld Bull,HGU,THorizon US30yrBnd Br,HTD,THorizn CdnMdStream A,HOG,THorizon CdnEqMnge E,HUT,THorizon CdnEqMnge Ad,HUT.A,THorizon Cdn Insdr Un,HII,THorizon Cdn SlctUniv,HBB,THorizn China DivA Un,HCN,THorizons COMEXGold A,HUG,THorizons COMEXSlvr A,HUZ,THorizons Incm Engy E,HEE,THorizons IncmEgy Adv,HEE.A,THorizon Incm Eq E Un,HEX,THorizon EnhncEqty Ad,HEX.A,THorizons Incm Fin E,HEF,THorizons IncmFin Adv,HEF.A,THorizons Gold Prod E,HEP,THorizon EnhncGld Adv,HEP.A,THorizons Intl Eqty E,HEJ,THorizons Intl Eq Adv,HEJ.A,THorizon IncmEq CAD E,HEA,THorizon IncmEqCAD Ad,HEA.A,THorizon IncmEq USD E,HEA.U,THorizon IncEqUSD Adv,HEA.V,THorizons GldYld E Un,HGY,THorizons Gld Yld Adv,HGY.A,THorizn MgeGlb Opp E,HGM,THorizn MgeGlbOpp Adv,HGM.A,THorizn Mge Momntm E,HMA,THorizn Mge Momntm Ad,HMA.A,THorizon MornstrHdg E,HHF,THorizon MornstrHg Ad,HHF.A,THorizons NatGasYld E,HNY,THorizon NatGasYld Ad,HNY.A,THorizons CrudeOil Un,HUC,THorizon NYMEX NatGas,HUN,THorizons S&P500 Un,HXS,THorizon S&P500 US Un,HXS.U,THorizons 60EqlWgt Un,HEW,THorizon S&P/TSX60 A,HXT,THorizon S&P/TSX60 US,HXT.U,THorizn S&PCapEngyIdx,HXE,THorizn S&PCapFin Idx,HXF,THorizon Seasonl E Un,HAC,THorizons Seasonl Adv,HAC.A,THorizn US7-10TreasBd,HTB,THoriznUS7-10TreaBdUS,HTB.U,THorizon US$ Cur A Un,DLR,THorizon US$Cur A USF,DLR.U,THorizon US Eq Mnge E,HUS.U,THorizon US EqMnge Ad,HUS.V,THorizonte Min Ord J,HZM,THSBC Bank Cl 1 Pr C,HSB.PR.C,THSBC Bank Cl 1 Pr D,HSB.PR.D,THudBay Minerals Inc.,HBM,THudBay Minerals Wt,HBM.WT,THudson's Bay Company,HBC,THusky Energy Inc.,HSE,THusky Energy Sr 1 Pr,HSE.PR.A,THusky Energy Sr 3 Pr,HSE.PR.C,THusky Energy Sr 5 Pr,HSE.PR.E,THusky Energy Sr 7 Pr,HSE.PR.G,THydro One Limited,H,THydrogenics Corp,HYG,THyduke Energy Serv,HYD,TIamgold Corporation,IMG,TIBI Group Inc.,IBG,TIBI Group Inc. 7% Db,IBG.DB,TIBI Group 6.00% Deb,IBG.DB.B,TIBI Group 7% Sr 2 Db,IBG.DB.C,TIC Potash Corp. J,ICP,TiFabric Corp. J,IFA,TIGM Financial Inc.,IGM,TIGM Financial B Pr,IGM.PR.B,TImmunovaccine Inc. J,IMV,TImperial Metals Corp,III,TImperial Oil Ltd.,IMO,TImvescor Restaurant,IRG,TImvescor Rstaurnt Wt,IRG.WT,TIncome Fin Tr Un,INC.UN,TINDEXPLUS Income Un,IDX.UN,TIndigo Books & Music,IDG,TIndstrl Alliance Ins,IAG,TIndstrl AlliancePr B,IAG.PR.A,TIndstrl AlliancePr G,IAG.PR.G,TINFOR Acquis CL A RV,IAC.A,TINFOR Acquisition Wt,IAC.WT,TInfo Serv Corp. A LV,ISV,TInnergex Renew Engy,INE,TInnergex Renew4.25Db,INE.DB.A,TInnergex Renew Pr A,INE.PR.A,TInnergex Renew Pr C,INE.PR.C,TInnova Gaming Group,IGG,TInnVest REIT 6% E Db,INN.DB.E,TInnVest REIT 5.75 Db,INN.DB.F,TInnVest REIT 6.25 Db,INN.DB.G,TInnVest REIT Units,INN.UN,TInovalis REIT Un,INO.UN,TINSCAPE Corp Cl B SV,INQ,TIntact Fin Corp.,IFC,TIntact Fin A Ser 1,IFC.PR.A,TIntact Fin A Ser 3,IFC.PR.C,TIntegrated Asset Mgt,IAM,TIntelliPharma Intl J,I,TInter Pipeline Ltd.,IPL,TInterfor Corporation,IFP,TIntermap Technology,IMP,TInt'l Road Dynamics,IRD,TInt'l Tower Hill J,ITH,TInterRent REIT Un J,IIP.UN,TIntertape Polymer,ITP,TIntrinsyc Tech J,ITC,TINV Metals Inc. J,INV,TInvest GrdInfrBnd Un,IFB.UN,TInvest GradeMngDur T,PFU.UN,TiShre 1-10CorpBnd Un,CBH,TiShre 1-10CorpBnd Ad,CBH.A,TiShre 1-10GovtBnd Un,CLG,TiShre 1-10GovtBnd Ad,CLG.A,TiShre 1-5 CorpBnd Un,CBO,TiShre 1-5CorpBnd Ad,CBO.A,TiShre 1-5 GovtBnd Un,CLF,TiShre 1-5 GovtBnd Ad,CLF.A,TiShrs AlternatePortf,XAL,TiShares GrowCore Un,CBN,TiShares GrowCore Adv,CBN.A,TiShares IncmCore Un,CBD,TiShares IncmCore Adv,CBD.A,TiShares BRIC Indx Un,CBQ,TiShares BRIC Adv Un,CBQ.A,TiShares Cdn Corp Bnd,XCB,TiShares CdnFinMo Un,FIE,TiShares CdnFinMo Adv,FIE.A,TiShares CdnFndmntlUn,CRQ,TiShare CdnFndmntl Ad,CRQ.A,TiShares Cdn Govt Bnd,XGB,TiShares Cdn Growth,XCG,TiShare Cdn HYBrd Bnd,XHB,TiShare Cdn RlRet Bnd,XRB,TiShares Cdn Slct Div,XDV,TiShre Cdn Sh Trm Bnd,XSB,TiShr Cdn Univers Bnd,XBB,TiShares Cdn Value Un,XCV,TiShares China Index,XCH,TiShrs Conserve Core,XCR,TiShr Consv ShStgyFxd,XSC,TiShr Consv Stgy Incm,XSE,TiShares ConvBond Un,CVD,TiShares ConvBond Adv,CVD.A,TiShr CoreCdnLT BndUn,XLB,TiShr CoreCdnShMplBnd,XSH,TiShr CoreHiCdnBnd Un,XQB,TiShr CoreHiCdnBnd Ad,XQB.A,TiShr CoreMSCI AC Wex,XAW,TiShr CorMSCIEAFE IMI,XEF,TiShrCrMSCI EAFEIMIHG,XFH,TiShr Core EmrgMktIMI,XEC,TiShares CoreSP500Idx,XUS,TiShares Core S&P 500,XSP,TiShr CorS&P US MktUn,XUU,TiShre CoreS&P US Mkt,XUH,TiShr CoreSP/TSX Comp,XIC,TiShr CoreSP/TSX Div,XEI,TiShr CoreSTCdnBnd Un,XSQ,TiShare Divrs Mo Incm,XTR,TiShares EmergMkts Un,CWO,TiShares EmrgMkts Adv,CWO.A,TiShares EqWeight Un,CEW,TiShares EqWeight Adv,CEW.A,TiShr FacSlctMSCI Cda,XFC,TiShr FacSlctMSCIEAFE,XFI,TiShr FactrSlct EAFE,XFF,TiShr FacSlctMSCI USA,XFS,TiShr FactrSlctUSA Un,XFA,TiShares Fltg Rate Un,XFR,TiShares GlblAgri Un,COW,TiShares GlblAgri Adv,COW.A,TiShrs Complete Portf,XGC,TiShare Glbl Hlthcare,XHC,TiShares GlbInfras Un,CIF,TiShare GlbInfras Adv,CIF.A,TiShares GlblMoDiv Un,CYH,TiShares GlblMoDiv Ad,CYH.A,TiShares GlblRlEst Un,CGR,TiShare GlblRlEst Adv,CGR.A,TiShares GlblWater Un,CWW,TiShares GlbWater Adv,CWW.A,TiShare GldBulHdgd Un,CGL,TiShare GldBul Nn-Hdg,CGL.C,TiShares Gold Trust,IGT,TiShrs GrowCore Portf,XGR,TiShares India Idx Un,XID,TiShare IntlFndmnt Un,CIE,TiShare IntlFndmnt Ad,CIE.A,TiShr JP USD Emrg Mkt,XEB,TiShare Jantzi Social,XEN,TiShares JapFndmnt Un,CJP,TiShares JapFndmntlAd,CJP.A,TiShr MSCI Cntry Wrld,XMW,TiShares MSCI Brazil,XBZ,TiShr MSCI CdaMinVlty,XMV,TiShare MSCI EAFE Idx,XIN,TiShare EAFE Min Vlty,XMI,TiShare MSCI EmergMkt,XEM,TiShr EmrgMkt MinVlty,XMM,TiShr MSCI EU IMI Idx,XEU,TiShr MSCI EU IMI CAD,XEH,TiShr MSCI US MinVlty,XMU,TiShare MSCI World Un,XWD,TiShare NASDAQ 100 Un,XQQ,TiShares MoneyMkt Un,CMR,TiShares MoneyMkt Adv,CMR.A,TiShare S&P CnsmrDscr,XCD,TiShr SP Glbl Indstrl,XGI,TiShr S&P US MidCapUn,XMC,TiShr S&P USMdCpCADHG,XMH,TiShares S&P/TSX60 Un,XIU,TiShr CdnDivAristo Un,CDZ,TiShare CdnDivAristAd,CDZ.A,TiShares CdnPref Un,CPD,TiShares CdnPref Adv,CPD.A,TiShares Consumr Stpl,XST,TiShares S&P/TSX Engy,XEG,TiShares S&P/TSX Fins,XFN,TiShares S&P/TSX Tech,XIT,TiShare S&P/TSX Matrl,XMA,TiShares S&P/TSX REIT,XRE,TiShares S&P/TSX Util,XUT,TiShr S&P/TSX Cmpletn,XMD,TiShr SP/TSXGblBseMtl,XBM,TiShares S&P/TSX Gold,XGD,TiShr S&PTSX NA PrStk,XPF,TIShare SP/TSX SmlCap,XCS,TiShr ShDuratn HighUn,CSD,TiShr ShDuratn HighAd,CSD.A,TiShr ST StratgFxd Un,XSI,TiShr Sil Bul Hdgd Un,SVR,TiShr Sil Bul Nn-Hdgd,SVR.C,TiShr US HiDiv EqtyUn,XHU,TiShare US HighDiv Eq,XHD,TiShares US HiYld Bnd,XHY,TiShr US HiYldIncm Un,CHB,TiShr US HiYldIncm Ad,CHB.A,TiShare US IG CorpBnd,XIG,TiShares US Small Cap,XSU,TiShare US DivGrow Un,CUD,TiShare US DivGro Adv,CUD.A,TiShares US Fndmtl Un,CLU,TiShares US Fndmtl Ad,CLU.A,TiShares US Fndmntl B,CLU.B,TiShares US Fndmntl C,CLU.C,TIthaca Energy Inc.,IAE,TIvanhoe Mines Cl A J,IVN,TJean Coutu Group SV,PJC.A,TJFT Strategies A Un,JFS.UN,TJourney Energy Inc.,JOY,TJura Energy Corp.,JEC,TJust Energy Group,JE,TJust Engy Grp 6% Db,JE.DB,TJust Engy Grp 5.75Db,JE.DB.B,TK-Bro Linen Inc.,KBL,TKarnalyte Res J,KRN,TKatanga Mining Ltd.,KAT,TKeg Royalties Fnd Un,KEG.UN,TKelso Technologies,KLS,TKelt Expl Ltd. J,KEL,TKerr Mines Inc. J,KER,TKeyera Corp.,KEY,TKillam REIT 5.65Db J,KMP.DB.A,TKillam REIT 5.45Db J,KMP.DB.B,TKillam Apt REIT Un J,KMP.UN,TKinaxis Inc. J,KXS,TKingsway Financial,KFS,TKingsway Fin B Wt US,KFS.WT.V,TKinross Gold Corp.,K,TKirkland Lake Gld J,KGI,TKirkland Lake 6%Db J,KGI.DB,TKirklnd Lake 7.5Db J,KGI.DB.A,TKlondex Mines Ltd. J,KDX,TKnight Therapeutics,GUD,TKP Tissue Inc.,KPT,TLabrador Iron Ore,LIF,TLake Shore Gold J,LSG,TLake Shore Gld Deb J,LSG.DB,TLanesborough Sr G Db,LRT.DB.G,TLanesborough Tr Un J,LRT.UN,TLaramide Resources J,LAM,TLassonde Ind Cl A SV,LAS.A,TLaurentian Bk of Can,LB,TLaurentian Bk Pr 11,LB.PR.F,TLaurentian Bk Pr 13,LB.PR.H,TChateau Inc(Le) A SV,CTU.A,TLeadFX Inc. J,LFX,TLeon's Furniture Ltd,LNF,TLeon's Furniture Db,LNF.DB,TLevon Resources J,LVN,TLexam VG Gold Inc. J,LEX,TLife & Banc Split A,LBS,TLife & Banc Split Pr,LBS.PR.A,TLightstream Res Ltd,LTS,TLtd DuratnInvstGrdUS,PFD.U,TLtd DuratnInvstGrd,PFD.UN,TLinamar Corporation,LNR,TLiquor Stores NA Ltd,LIQ,TLiquor Stores 5.85Db,LIQ.DB.A,TLoblaw Companies Ltd,L,TLoblaw Co. Ser B Pr,L.PR.B,TLogan Int'l Inc.,LII,TLogistec Corp. A MV,LGT.A,TLogistec Corp Cl B,LGT.B,TLoncor Resources J,LN,TLong Run Expl Ltd. J,LRE,TLong Run Expl Deb J,LRE.DB,TLowVolatlty CdnEq Un,LOW.UN,TLow Voltlty US Eq Un,LVU.UN,TLucara Diamond J,LUC,TLumenpulse Inc. J,LMP,TLuna Gold Corp. J,LGC,TLundin Gold Inc. J,LUG,TLundin Mining Corp,LUN,TLydian Int'l Ord J,LYD,TLysander-SlatrPrActv,PR,TM Split Corp. 14 Cap,XMF.A,TM Split Corp Cl 1 Pr,XMF.PR.B,TM Split Corp 14-2 Pr,XMF.PR.C,TMacDonald Dettwiler,MDA,TMacKenzie Master Un,MKZ.UN,TMacquarie EmrgMkt Un,MQA.UN,TMacquari GlbInfrasUn,MQI.UN,TMad Catz Interactv J,MCZ,TMadison Pacific Cl B,MPC,TMadison Pacific NV C,MPC.C,TMAG Silver Corp. J,MAG,TMagellan Aerospace,MAL,TMagna Int'l Inc.,MG,Mainstreet Equity J,MEQ,TMajor Drilling Group,MDI,TMandalay Res Corp J,MND,TManitoba Telecom,MBT,TManulife Financial,MFC,TManulife Fin Sr 2 Pr,MFC.PR.B,TManulife Fin A Pr 3,MFC.PR.C,TManulife Fin Sr 3 Pr,MFC.PR.F,TManulife Fin Sr 5 Pr,MFC.PR.G,TManulife Fin Sr 7 Pr,MFC.PR.H,TManulife Fin Sr 9 Pr,MFC.PR.I,TManulife Fin Sr11 Pr,MFC.PR.J,TManulife Fin Sr13 Pr,MFC.PR.K,TManulife Fin Sr15 Pr,MFC.PR.L,TManulife Fin Sr17 Pr,MFC.PR.M,TManulife Fin Sr19 Pr,MFC.PR.N,TManulife Fin Sr21 Pr,MFC.PR.O,TManulife FltgRtLn Un,MFR.UN,TManulife US Regnl Un,MBK.UN,TMaple Leaf Foods Inc,MFI,TMarathon Gold Corp J,MOZ,TMarquest Cdn Eqty Un,MIF.UN,TMarret High Yield Un,MHY.UN,TMarret Invest Bnd Un,MIG.UN,TMarret Multi-Stgy Un,MMF.UN,TMarret Resource J,MAR,T"Mart Resources, Inc.",MMT,TMartinrea Int'l Inc.,MRE,TMawson Resources J,MAW,TMawson West Ord J,MWE,TMaxim Power Corp.,MXG,TMBAC Fertilizer J,MBC,TMBAC Fertilizer Wt J,MBC.WT,TMBN Corporation Eqty,MBN,TMCAN Mortgage Corp.,MKP,TMcCoy Global Inc.,MCB,TMcEwen-Minera Exch J,MAQ,TMcEwen Mining Inc. J,MUX,TMDN Inc. J,MDN,TMeadow Bay Gold J,MAY,TMediagrif Interactv,MDF,TMedical Facilities,DR,TMedical Fac 5.9% Deb,DR.DB.A,TMEG Energy Corp.,MEG,TMega Uranium Ltd. J,MGA,TMelcor Developments,MRD,TMelcor REIT 5.5 Deb,MR.DB,TMelcor REIT Un,MR.UN,TMercer Int'l Inc. US,MRI.U,TMerus Labs Int'l J,MSL,TMetalore Resources,MET,TMethanex Corporation,MX,TMetro Inc.,MRU,TMicrobix Biosystms J,MBX,TMidas Gold Corp. J,MAX,TMiddlefld Can-Glb Un,RCO.UN,TMigao Corporation,MGO,TMilestone AptREIT Un,MST.UN,TMinco Gold Corp. J,MMM,TMinco Silver Corp J,MSV,TMines Management J,MGT,TMINT Incme Fnd Tr Un,MID.UN,TMitel Networks Corp.,MNW,TMogo Finance Tech J,GO,TMolsonCoors Cda A LV,TPX.A,TMolsonCoors Cda B NV,TPX.B,TMoneda LatAm CorpBnd,MLD.UN,TMoneda LatAmFxd A Un,MLF.UN,TMoneda LatAmGrowthUn,MLE.UN,TMoneta Porcupine J,ME,TMood Media Corp. J,MM,TMorguard Corporation,MRC,TMorguard NA REIT Deb,MRG.DB,TMorguard NA REIT UN,MRG.UN,TMorguard REIT 4.85Db,MRT.DB.A,TMorguard Real Est Un,MRT.UN,TMorneau Shepell Inc.,MSI,TMorneau Shepell Deb,MSI.DB,TMountain Province J,MPV,TMTY Food Group Inc.,MTY,TMullen Group Ltd.,MTL,TNamibia Rare Earth J,NRE,TNAPEC Inc. J,NPC,TNat'l Bank of Canada,NA,TNat'l Bank Ser 28 Pr,NA.PR.Q,TNat'l Bank Ser 30 Pr,NA.PR.S,TNat'l Bank Ser 32 Pr,NA.PR.W,TNat'l Bank Ser 34 Pr,NA.PR.X,TNautilus Minerals J,NUS,TNautilus Minrl Rt J,NUS.RT,TNDX Growth&Incm A Un,NGI.UN,TNeovasc Inc. J,NVC,TNeptune Tech & Bio J,NTB,T"NeuLion, Inc. J",NLN,TNevada Copper Corp J,NCU,TNevsun Resources J,NSU,TNew Flyer Industries,NFI,TNew Flyer 6.25 Db US,NFI.DB.U,TNew Gold Inc.,NGD,TNew Gold Inc A Wt,NGD.WT.A,TNew Look Vision J,BCI,TNew Millenm Iron J,NML,TNew Pacific Metals J,NUX,TNewalta Corporation,NAL,TNfld Capital Cl A SV,NCC.A,TNfld Capital Cl B MV,NCC.B,TNewgrowth Cl A Cap,NEW.A,TNewgrowth Corp. Pr 3,NEW.PR.D,TNewmarket Gold Inc J,NMI,TNewmarket Gld 8%Db J,NMI.DB,TNewmarket Gld Wt J,NMI.WT,TNexC Partners Corp A,NXC,TNexJ Systems Inc. J,NXJ,TNGEx Resources Inc J,NGQ,TNiko Resources,NKO,TNiko Resources 7% Nt,NKO.NT,TNioCorp Dev Ltd. J,NB,TNobilis Health Corp.,NHC,TNobilis Health Wt,NHC.WT,TNoranda Incm PriorUn,NIF.UN,TNorbord Inc.,OSB,TNorsat International,NII,TN.A. Advantg Conv Un,NCD.UN,TN.A. Energy Partners,NOA,TNA Fin 15 Split A,FFN,TNA Fin 15 Split 2 Pr,FFN.PR.A,TN.A. Palladium Ltd.,PDL,TNth American Pref Un,NPF.UN,TNA REIT Income Un,NRF.UN,TNorthcliff Res Ltd J,NCF,TNorthrn Blizzard Res,NBZ,TNthrn Dynasty Min J,NDM,TNthrn Dynasty Wt J,NDM.WT,TNthrn Dynasty Wt J A,NDM.WT.A,TNthn Power Systems J,NPS,TNorthland Power Inc.,NPI,TNorthland Pwr 5% Deb,NPI.DB.B,TNorthland Pwr 4.75Db,NPI.DB.C,TNorthland Pwr Pr 1,NPI.PR.A,TNorthland Pwr Pr 2,NPI.PR.B,TNorthland Pwr Pr 3,NPI.PR.C,TNthview Apt REIT Db,NVU.DB,TNthview Apt REIT Un,NVU.UN,TNW Healthcare Deb,NWH.DB,TNW Healthcare 6.5%Db,NWH.DB.A,TNW Healthcare 7.5%Db,NWH.DB.B,TNW Healthcare7.25%Db,NWH.DB.C,TNW Healthcare 5.5%Db,NWH.DB.D,TNW Healthcare Un,NWH.UN,TNovaCopper Inc. J,NCQ,TNovadaq Tech Inc. J,NDQ,TNovaGold Resources J,NG,TNuVista Energy Ltd.,NVA,TNuvo Research Inc.,NRI,TOando Energy Res J,OER,TOando Energy Wt J,OER.WT,TOban Mining Corp. J,OBM,TOban Mining Corp. Wt,OBM.WT,TOceanaGold Corp.,OGC,TOCP Credit Stgy Un,OCS.UN,TOCP Senior Credit Un,OSL.UN,TOil Sands Sector Un,OSF.UN,TOlympia Fin Group,OLY,TOncolytics Biotech,ONC,TOneREIT 5.45% Deb,ONR.DB.B,TOneREIT 5.50% Deb,ONR.DB.C,TOneREIT Un,ONR.UN,TOnex Corporation SV,OCX,TOpen Text Corp,OTC,TOpta Minerals Inc.,OPM,TOrbit Garant Drill,OGD,TOrbite Tech Inc. J,ORT,TOrbite Tech J 5% Deb,ORT.DB.B,TOrbite Tech J 2/21Db,ORT.DB.C,TOrocobre Ltd. Ord J,ORL,TOrosur Mining Inc.,OMI,TOrsu Metals Corp. J,OSU,TOrvana Minerals J,ORV,TOryx Pete Corp. J,OXC,TOsisko Gld Royalty,OR,TOsisko Gold Rlty Wt,OR.WT,TOsisko Gld Rlty Wt A,OR.WT.A,TOVIVO INC. Cl A SV,OVI.A,TOVIVO INC. Cl B MV,OVI.B,TPacific&Wstrn Bank J,PWB,TPacific&Wstrn Pr 1 J,PWB.PR.A,TPacific&Wstrn Pr 3 J,PWB.PR.B,TPacific Expl & Prod,PRE,TPacific Insight Elec,PIH,TPainted Pony Pete J,PPY,TPaladin Energy Ord J,PDN,TPan American Silver,PAA,TParamount Res Cl A,POU,TParex Resources J,PXT,TParkland Fuel Corp.,PKI,TPartners REIT 6% Deb,PAR.DB.A,TPartners REIT 5.5 Db,PAR.DB.B,TPartners REIT Un,PAR.UN,TPartners Val AA Pr 1,PVS.PR.A,TPartners Val AA Pr 3,PVS.PR.B,TPartners Val AA Pr 5,PVS.PR.C,TPartners Val AA Pr 6,PVS.PR.D,TPartners Val AA Pr 7,PVS.PR.E,TPason Systems Inc.,PSI,TPathfinder Income Un,PCD.UN,TPattern Energy Grp A,PEG,TPembina Pipeline,PPL,TPembina Pipe5.75Db F,PPL.DB.F,TPembina Pipe Sr 1 Pr,PPL.PR.A,TPembina Pipe Sr 3 Pr,PPL.PR.C,TPembina Pipe Sr 5 Pr,PPL.PR.E,TPembina Pipe Sr 7 Pr,PPL.PR.G,TPembina Pipe Sr 9 Pr,PPL.PR.I,TPembina Pipe Pr 11,PPL.PR.K,TPengrowth Energy,PGF,TPengrwth 6.25%Mar Db,PGF.DB.B,TPenn West Petroleum,PWT,TPeregrine Diamonds J,PGD,TPerformance Sports,PSG,TPerk.com Inc. J,PER,TPerpetual Energy Inc,PMT,TPerseus Mining Ord J,PRU,TPetrowest Corp. Cl A,PRW,TPetrus Resources J,PRQ,TPeyto Expl & Dev,PEY,TPFB Corporation,PFB,TPHX Energy Services,PHX,TPicton Mahoney A Un,PMB.UN,TPilot Gold Inc. J,PLG,TPIMCO Gbl IncmOpp Un,PGI.UN,TPineBrdge InvGrd Sec,PRF.UN,TPinetree Capital J,PNP,TPinetree Cap 10%Db J,PNP.DB,TPizza Pizza Royalty,PZA,TPlatinum Grp Metal J,PTM,TPlaza Retail Tr8% Db,PLZ.DB.B,TPlaza Retail Tr 7%Db,PLZ.DB.C,TPlaza RetailTr5.75Db,PLZ.DB.D,TPlaza Retail REIT Un,PLZ.UN,TPoints Int'l Ltd. J,PTS,TPolaris Infras J,PIF,TPolaris Materials J,PLS,TPollard Banknote Ltd,PBL,TPolymet Mining J,POM,TPosera-HDX Ltd. J,PAY,TPostmedia Ntwrk C J,PNC.A,TPostmedia Ntwrk VV J,PNC.B,TPotash Corp of Sask,POT,TPotash Ridge Corp. J,PRK,TPower Corp of Cda SV,POW,TPower Corp 5.6% Pr A,POW.PR.A,TPower Corp 5.35% Pr,POW.PR.B,TPower Corp 5.80% Pr,POW.PR.C,TPower Corp 5.00% Pr,POW.PR.D,TPower Corp Part. Pr,POW.PR.E,TPower Corp Sr861stPr,POW.PR.F,TPower Corp 5.6% Pr G,POW.PR.G,TPower Financial Corp,PWF,TPower Financial Pr A,PWF.PR.A,TPower Financial Pr D,PWF.PR.E,TPower Fin 5.25% Pr E,PWF.PR.F,TPower Fin 5.90% Pr F,PWF.PR.G,TPower Fin 5.75% Pr H,PWF.PR.H,TPower Fin 6% Pr I,PWF.PR.I,TPower Fin 4.95% Pr K,PWF.PR.K,TPower Fin 5.10% Pr L,PWF.PR.L,TPower Fin 5.80% Pr O,PWF.PR.O,TPower Fin 4.40% Pr P,PWF.PR.P,TPower Financial Pr Q,PWF.PR.Q,TPower Fin 5.50% Pr R,PWF.PR.R,TPower Fin 4.80% Pr S,PWF.PR.S,TPower Fin 4.20% Pr T,PWF.PR.T,TPwrShr 1-3Yr LadFltg,PFL,TPwrShares CorpBnd Un,PSB,TPwrShares Cdn Div Un,PDC,TPwrShares Cdn Pr Un,PPS,TPwrShr FTSE RAFI Cdn,PXC,TPwrShrFTSE CA Sml-Md,PZC,TPwrShr FTSERAF GlbCA,PZW,TPwrShr FTSERAF GlbUS,PZW.U,TPwrShrFTSE Glb+Fndmn,PXG,TPwrShrFTSE Glb+FndUS,PXG.U,TPwrShrFTSE USFnd CAD,PXS,TPwrShrFTSE USFnd US,PXS.U,TPwrShrs FTSE RAFI US,PXU,TPwrShr HY CorpBnd Un,PFH,TPwrShr Glb ShrhldrCA,PSY,TPwrShr Glb ShrhldrUS,PSY.U,TPwrShr LddrRtUS0-5Yr,USB,TPwrShr LddrRtO-5YrUS,USB.U,TPwrShr LowVolPortfl,PLV,TPwrShares QQQCADH Un,QQC,TPwrShr LowVol CH Idx,ULV,TPwrShr S&P EmrgMkts,ELV,TPwrShr S&PIntl LwVol,ILV,TPowrShr LowVltlty Un,TLV,TPwrShr SrLoan(C Hdg),BKL,TPowershr TactBond Un,PTB,TPwrShr Ultr LiqLTGvt,PGL,TPrairieSky Royalty,PSK,TPrecious Mtl&Mine Un,MMP.UN,TPrecious Mtl Buln Un,PBU.UN,TPrecision Drill Corp,PD,TPreferred Invest Un,PSF.UN,TPremier Gold Mines J,PG,TPremium Brands Hldgs,PBH,TPremium Brands 5.5Db,PBH.DB.C,TPremium Brand 5% Deb,PBH.DB.D,TPremium Income Cl A,PIC.A,TPremium Income Pr,PIC.PR.A,TPretium Resources J,PVG,TPrime Dividend Cl A,PDV,TPrime Dividend Pr,PDV.PR.A,TPrimero Mining Corp.,P,TPrimero Mining US Db,P.DB.U,TPrimero Mng 5.75USDb,P.DB.V,TProgressive Waste,BIN,TProMetic Life J,PLI,TProMIS Neurosci J,PMN,TProphecy Dev Corp. J,PCY,TPulse Seismic Inc.,PSD,TPure Industrial Un,AAR.UN,TPure Tech Ltd. J,PUR,TPurpose Best Ideas,PBI,TPurpose Best NnCurHg,PBI.B,TPurpose Core Div Fnd,PDF,TPurpose DiversRl Ast,PRA,TPurpose Duratn HgREF,PHR,TPurpose Enhnc US Eq,PEU,TPurpose EnhncUSNnCur,PEU.B,TPurpose High IntSvgs,PSA,TPurpose Intl Div Un,PID,TPurpose Intl TacHgEq,PHW,TPurpose Monthly Incm,PIN,TPurpose Mult-StgyNeu,PMM,TPurpose Prem Yld ETF,PYF,TPurpose Tact Hegd Eq,PHE,TPurpose TacHg NN-Cur,PHE.B,TPurpose TacInvestBnd,BND,TPurpose Tot Ret Bond,PBD,TPurpose US Cash USF,PSU.U,TPurpose US DivETF Un,PUD,TPurpose US Div NnCur,PUD.B,TPWC Capital Inc.,PWC,TPWC Capital Inc C Nt,PWC.NT.C,TPWC Capital 7% Pr,PWC.PR.A,TPWC Capital Inc B Pr,PWC.PR.B,TQLT Inc.,QLT,TQuebecor Inc Cl A MV,QBR.A,TQuebecor Inc Cl B SV,QBR.B,TQuest Rare Min J,QRM,TQuest Rare Min Wt J,QRM.WT,TQuesterre Corp. J,QEC,TQuestrade FxdIncm+Un,QCP,TQuestrade GloblEq Un,QGE,TQuestrdRs1000USCnsmr,QRD,TQuest Rs1000USHealth,QRH,TQuest Rs1000USIndust,QRI,TQuestr Rs1000US Tech,QRT,TQuestrade RusUS MdGr,QMG,TQuestrade RusUS MdVl,QMV,TR Split 3 Corp A Cap,RBS,TR Split 3 Corp. Pr B,RBS.PR.B,TRaging River Expl,RRX,TRaven Rk StrategicUn,RRF.UN,TRavensource Fund Un,RAV.UN,TRBC 1-5Yr LadCdn Bnd,RLB,TRBC 1-5Yr LddCrp Bnd,RBO,TRBC QuantCdnDiv Lead,RCD,TRBC Quant CdnEqLeadr,RCE,TRBC Qnt EAFE DivLead,RHI,TRBC QuantEAFE Div Un,RID,TRBC QuantEAFE Div US,RID.U,TRBC QntEAFE EQ CAHeg,RHF,TRBC Quant EAFE Eqty,RIE,TRBC QuantEAFE EqtyUS,RIE.U,TRBC Quant EmrgMktDiv,RXD,TRBC Quant EmrgMkt US,RXD.U,TRBC QntEmrgMktEqLdr,RXE,TRBC QntEmrMktEqLdrUS,RXE.U,TRBC Quant EUDivLdHeg,RHP,TRBC Quant EU DivLdCA,RPD,TRBC Quant EU DivLdUS,RPD.U,TRBC Quant US DivLead,RHU,TRBC QntUS DivLead Un,RUD,TRBC QntUS DivLeadUSD,RUD.U,TRBC QuantUSEqty(C-H),RHS,TRBC Quant USEqLdr Un,RUE,TRBC Quant USEqLdr US,RUE.U,TRBC Stratgc GlbDivLd,RLD,TRBC Stratgc GlbEqLdr,RLE,TRBC Target 16 CrpBnd,RQD,TRBC Target 17 CrpBnd,RQE,TRBC Target 18 CrpBnd,RQF,TRBC Target 19 CrpBnd,RQG,TRBC Target 20 CrpBnd,RQH,TRBC Target 21CorpBnd,RQI,TRDM Corporation J,RC,TReal AstIncmGro A Un,RAI.UN,TRedhawk Resources J,RDK,TRedknee Solutions J,RKN,TRedline Commun Grp J,RDL,TREIT INDEXPLUS Tr Un,IDR.UN,TReitman's Canada,RET,TReitman's Cda A NV,RET.A,TResolute Forest Prod,RFP,TResponse Biomed J,RBM,TRestaurant Brnd Intl,QSR,TRestaurant BrndLP Un,QSP.UN,TResverlogix Corp. J,RVX,TRichards Pckng Un,RPI.UN,TRichelieu Hardware,RCH,TRichmont Mines,RIC,TRidgewood Cdn Bnd Un,RIB.UN,TRio Novo Gold Ord J,RN,TRioCan REIT Ser A Pr,REI.PR.A,TRioCan REIT Ser C Pr,REI.PR.C,TRioCan Rl Est Tr Un,REI.UN,TRitchie Bros Auction,RBA,TRMP Energy Inc. J,RMP,TRock Energy Inc. J,RE,TRockwell Diamonds J,RDI,TRocky Mtn Dealership,RME,TRogers Comm Cl A,RCI.A,TRogers Comm Cl B NV,RCI.B,TRogers Sugar Inc.,RSI,TRogers Sugar 5.7% Db,RSI.DB.C,TRogers Sugar 5.75%Db,RSI.DB.D,TRONA inc.,RON,TRONA inc. 5.25% Pr,RON.PR.A,TRoyal Bank of Canada,RY,TRoyal Bank Pr Ser AA,RY.PR.A,TRoyal Bank Pr Ser AB,RY.PR.B,TRoyal Bank Pr Ser AC,RY.PR.C,TRoyal Bank Pr Ser AD,RY.PR.D,TRoyal Bank Pr Ser AE,RY.PR.E,TRoyal Bank Pr Ser AF,RY.PR.F,TRoyal Bank Pr Ser AG,RY.PR.G,TRoyal Bank Pr Ser BB,RY.PR.H,TRoyal Bank Pr Ser AJ,RY.PR.I,TRoyal Bank Pr Ser BD,RY.PR.J,TRoyal Bank Pr Ser AK,RY.PR.K,TRoyal Bank Pr Ser AL,RY.PR.L,TRoyal Bank Pr Ser BF,RY.PR.M,TRoyal Bank Pr Ser BH,RY.PR.N,TRoyal Bank Pr Ser BI,RY.PR.O,TRoyal Bank Pr Ser BJ,RY.PR.P,TRoyal Bank Pr Ser BK,RY.PR.Q,TRoyal Bank Pr Ser W,RY.PR.W,TRoyal Bank Pr Ser AZ,RY.PR.Z,TRy Cdn Mint-Gold ETR,MNT,TRy Cdn Mint-Gold USF,MNT.U,TRy Cdn Mint-Sil ETR,MNS,TRy Cdn Mint-Sil USF,MNS.U,T"Royal Gold, Inc.",RGL,TRoyal Nickel Corp. J,RNX,TRoyal Nickel Wt J,RNX.WT,TRTG Mining Inc Ord J,RTG,TRTG Mining Inc. Wt J,RTG.WT,TRubicon Minerals J,RMX,TRussel Metals Inc.,RUS,TS Split Corp Cl A,SBN,TS Split Corp. Pr,SBN.PR.A,TSabina Gld & Slvr J,SBB,TSandstorm Gold Ltd.,SSL,TSandstorm Gold Wt,SSL.WT,TSandstorm Gold Wt B,SSL.WT.B,TSandvine Corp J,SVC,TSaputo Inc.,SAP,TSavanna Energy Corp.,SVY,TSavaria Corp. J,SIS,TScandium Int'l Mng J,SCY,TSCITI Trust Trans Un,SIN.UN,TSciVac Therapeutc J,VAC,TSeabridge Gold Inc J,SEA,TSears Canada Inc,SCC,TSecond Cup Ltd. The,SCU,TSecure Energy Serv J,SES,TSEMAFO Inc. J,SMF,TSr Secured FltgLn Un,FRL.UN,TSentry Prime Metal A,PME,TSenvest Capital Inc,SEC,TSerabi Gld plc Ord J,SBI,TSerinus Energy J,SEN,TSeven Generations A,VII,TShaw Comm Cl B NV,SJR.B,TShaw Comm Cl 2 Pr A,SJR.PR.A,TShawCor Ltd.,SCL,TSherritt Int'l Corp,S,TShopify Inc A SV,SH,TShore Gold Inc. J,SGF,TSienna Senior Living,SIA,TSienna Sr Living Deb,SIA.DB,TSierra Metals Inc. J,SMT,TSierra Wireless,SW,TSilver Bear Res J,SBR,TSilver Bull Res J,SVB,TSilver Bullion US,SBT.U,TSilver Bullion Un,SBT.UN,TSilver Standard Res,SSO,TSilver Wheaton Corp.,SLW,TSilvercorp Metals J,SVM,TSIR Royalty Incm Un,SRV.UN,TSirius XM Cda A SV J,XSR,TSkylon Growth Tr Un,SKG.UN,TSlate Office REIT Un,SOT.UN,TSlate Retail Cl U Un,SRT.U,TSlate Retail CAD Un,SRT.UN,TSleep Cntry Cda Hldg,ZZZ,TSmart REIT Tr VV Un,SRU.UN,TSMART Tech Inc.,SMA,TSNC - Lavalin Group,SNC,TSolitario Expl J,SLR,TSolium Capital Inc J,SUM,TSouthGobi Res Ltd J,SGQ,TSpartan Engy Corp J,SPE,TSpectra7 Microsys J,SEV,TSpectral Medical Inc,EDT,TSpin Master Corp SV,TOY,TSprott Inc.,SII,TSprott Phy Gld Un US,PHY.U,TSprott PhyPlat US Un,PPT.U,TSprott Phy Silver US,PHS.U,TSprott Resource Corp,SCP,TSt. Augustine Gld J,SAU,TStantec Inc.,STN,TStar Yld Managers Un,XYM.UN,TStarcore Intl Mine J,SAM,TStella-Jones Inc.,SJ,TStingray Digit SV,RAY.A,TStingray Dgt Vary SV,RAY.B,TStonegate Agricom J,ST,TStornoway Diamond J,SWY,TStornoway Dia USDb J,SWY.DB.U,TStornoway Diamd Wt J,SWY.WT.A,TStrad Energy Serv J,SDY,TStrategic AllocateUn,SIF.UN,TStreet Capital Group,SCB,TStrongco Corporation,SQP,TStuart Olson Inc.,SOX,TStuart Olsn 12/19 Db,SOX.DB.A,TStudent Transport,STB,TStudent Trans 6.25Db,STB.DB.C,TStudent Trns6.25USDb,STB.DB.U,TSulliden Mng Cap J,SMC,TSummit Ind REIT Un J,SMU.UN,TSun Life Fin Inc.,SLF,TSun Life Fin Pr A,SLF.PR.A,TSun Life Fin Ser2 Pr,SLF.PR.B,TSun Life Fin Ser3 Pr,SLF.PR.C,TSun Life Fin Ser4 Pr,SLF.PR.D,TSun Life Fin Ser5 Pr,SLF.PR.E,TSun Life Fin Sr8R Pr,SLF.PR.G,TSun Life Fin 10R Pr,SLF.PR.H,TSun Life Fin 12R Pr,SLF.PR.I,TSun Life Fin 9QR Pr,SLF.PR.J,TSuncor Energy Inc.,SU,T"SunOpta, Inc.",SOY,TSunwah Int'l Ltd.,SWH,TSuperior Plus Corp.,SPB,TSuperior+ 6% Deb F,SPB.DB.F,TSuperior+ 6/30/19 Db,SPB.DB.H,TSupremex Inc.,SXP,TSurge Energy Inc. J,SGY,TSymphony FltgLoan Un,SSF.UN,TSynex Internt'l J,SXI,TTAG Oil Ltd. J,TAO,TTahoe Resources J,THO,TTaiga Building Prod,TBL,TTaiga Building Nt,TBL.NT,TTalon Metals Corp. J,TLO,TTamarack Vall Engy J,TVE,TTanzanian Royalty J,TNX,TTaseko Mines Ltd.,TKO,TTaylor NthAmerOpp Un,TOF.UN,TTDb Split Cl A,XTD,TTDb Split Prior Eqty,XTD.PR.A,TTearLab Corp. J,TLB,TTech AchievGrow Incm,HTA.UN,TTech Leaders Incm Un,TLF.UN,TTeck Res Cl A MV,TCK.A,TTeck Res Cl B SV,TCK.B,TTECSYS Inc. J,TCS,TTelesta Therapeutics,TST,TTellza Commun Inc. J,TEL,TTELUS Corporation,T,TTembec Inc.,TMB,TTemple Hotels Inc.,TPH,TTemple Hotels 8% Deb,TPH.DB.C,TTemple Hotl 7.75% Db,TPH.DB.D,TTemple Hotl 7.25% Db,TPH.DB.E,TTemple Hotels 7% Deb,TPH.DB.F,TTen Peaks Coffee,TPK,TTeraGo Inc.,TGO,TTeranga Gold Corp. J,TGZ,TTerra Energy Corp.,TT,TTerraVest Capital,TVK,TTerraVest Cap 7% Deb,TVK.DB,TTesla Exploration,TXL,TTethys Petroleum J,TPL,TEmpire Life Ins Pr 1,EML.PR.A,TIntertain Grp Ltd J,IT,TIntertain Grp 5%Db J,IT.DB,TNorth West Company,NWC,TTheratechnologies,TH,TTheratechnologies Wt,TH.WT,TThompson Creek Metal,TCM,TThomson Reuters Corp,TRI,TThomson Reuter Pr II,TRI.PR.B,TTimbercreek Globe Un,TGF.UN,TTimbercreek Mortgage,TMC,TTimbercreek Mtg Deb,TMC.DB,TTimbercreek Sr Mtg,MTG,TTimmins Gold Corp. J,TMM,TTitan Medical Inc. J,TMD,TTitan Med Jun16 Wt J,TMD.WT.A,TTitan Med Dec16 Wt J,TMD.WT.B,TTitan Med Mar18 Wt J,TMD.WT.C,TTitan Med Feb17 Wt J,TMD.WT.D,TTitan Med Apr17 Wt J,TMD.WT.E,TTitan Medical F Wt J,TMD.WT.F,TTitan Medical G Wt J,TMD.WT.G,TTMAC Resources Inc J,TMR,TTMX Group Limited,X,TTop 10 Cdn Fin Tr Un,TCT.UN,TTop 10 Split Tr Pr,TXT.PR.A,TTop 10 Split Tr Un,TXT.UN,TTop 20 Dividend Un,TTY.UN,TTop 20 Europe Div Un,TTE.UN,TTop 20 U.S. Div A Un,TUT.UN,TTORC Oil & Gas Ltd.,TOG,TTorex Gold Res J,TXG,TToromont Industries,TIH,TT.D. Bank,TD,TT.D. Bank Ser 1 Pr,TD.PF.A,TT.D. Bank Ser 3 Pr,TD.PF.B,TT.D. Bank Ser 5 Pr,TD.PF.C,TT.D. Bank Ser 7 Pr,TD.PF.D,TT.D. Bank Ser 9 Pr,TD.PF.E,TT.D. Bank Ser 11 Pr,TD.PF.F,TT.D. Bank Ser 12 Pr,TD.PF.G,TT.D. Bank Ser S Pr,TD.PR.S,TT.D. Bank Ser T Pr,TD.PR.T,TT.D. Bank Ser Y Pr,TD.PR.Y,TT.D. Bank Ser Z Pr,TD.PR.Z,TTorstar Cl B NV,TS.B,TToscana Energy J,TEI,TToscana Energy Deb J,TEI.DB,TTotal Engy Serv Inc.,TOT,TTouchstone Expl Inc.,TXP,TTourmaline Oil Corp.,TOU,TTransAlta Corp.,TA,TTransAlta Ser A Pr,TA.PR.D,TTransAlta Ser C Pr,TA.PR.F,TTransAlta Ser E Pr,TA.PR.H,TTransAlta Ser G Pr,TA.PR.J,TTransAlta Renewable,RNW,TTransat A.T. V & VV,TRZ,TTransAtlantic Pete J,TNP,TTransCan Corporation,TRP,TTransCan Corp Pr 1,TRP.PR.A,TTransCan Corp Pr 3,TRP.PR.B,TTransCan Corp Pr 5,TRP.PR.C,TTransCan Corp Pr 7,TRP.PR.D,TTransCan Corp Pr 9,TRP.PR.E,TTransCan Corp Pr 2,TRP.PR.F,TTransCan Corp Pr 11,TRP.PR.G,TTransCan Corp Pr 4,TRP.PR.H,TTransCan Corp Pr 6,TRP.PR.I,TTranscontinentl A SV,TCL.A,TTranscontinentl B MV,TCL.B,TTransForce Inc.,TFI,TTransGlobe Tr 5.4%Db,TGA.DB,TTransGlobe Energy J,TGL,TTransGlobe Engy 6%Db,TGL.DB,TTrans Therapeutics J,TTH,TTreasury Metals J,TML,TTree Island Steel,TSL,TTrevali Mining J,TV,TTrez Cap Mtg Invst A,TZZ,TTrez CapSnrMtg Inv A,TZS,TTriax Diversfd Units,TRH.UN,TTrican Well Service,TCW,TTricon Capital Group,TCN,TTricon Cap 5.6% Deb,TCN.DB.A,TTrident Perform Cl A,TCP,TTrident Perform II A,TCZ,TTrillium Therpeutc J,TR,TTrilogy Energy Corp.,TET,TTrimac Transport A,TMA,TTriMetals Mining J,TMI,TTriMetals Mng B NV J,TMI.B,TTrinidad Drilling,TDG,TTrue NthCommercl JUn,TNT.UN,TTSO3 Inc. J,TOS,TTuckamore Cap Mgt,TX,TTuckamore Cap 8% Deb,TX.DB.B,TTuckamore Cap Rt,TX.RT,TTucows Inc.,TC,TTurquoise Hill Res,TRQ,TTVA Group Inc. B NV,TVA.B,TTVI Pacific Inc J,TVI,TTWC Enterprises Ltd.,TWC,TTwin Butte Energy J,TBE,TTwin Butte Engy Db J,TBE.DB,TUS Agency MtgBack Un,USM.UN,TUS Bnk Incm&Gro T Un,PUB.UN,TUS Dividend Grow Eq,US,TUS Financl Incm A Un,USF.UN,TUS Housing Recovr Un,USH.UN,TUS Tactical Alloc Un,GPF.UN,TU3O8 Corp. J,UWE,TUEX Corporation J,UEX,TUni-Select Inc.,UNS,TUnion Gas 5 1/2% Pr,UNG.PR.C,TUnion Gas 6% B Pr,UNG.PR.D,TUnited Corporations,UNC,TUnited Corp 1st Pr,UNC.PR.A,TUnited Corp Pr 59,UNC.PR.B,TUnited Corp Pr 63,UNC.PR.C,TUr-Energy Inc. J,URE,TUranium Participate,U,TUrbana Corporation,URB,TUrbana Corp. Cl A NV,URB.A,TUrtheCast Corp. J,UR,TUS Buyback Leadrs Un,HUL.UN,TUS Financial 15 Cl A,FTU,TUS Financial15 Pr 12,FTU.PR.B,TUtility Corp Cl 'C',UTC.C,TUtility Split B Pr,UST.PR.B,TUtility Split Cap Un,UST.UN,TValeant Pharm Int'l,VRX,TValener Inc.,VNR,TValener Inc. Sr A Pr,VNR.PR.A,TValeura Energy Inc J,VLE,TVanguard Cdn Agr Bnd,VAB,TVanguard Cdn S-T Bnd,VSB,TVanguard S-T CrpBond,VSC,TVanguard CdaAllCapUn,VCN,TVanguard FTSE CdaIdx,VCE,TVanguard FTSECdnREIT,VRE,TVanguard FTSE DivYld,VDY,TVanguard exNA Idx Un,VIU,TVanguard exNA CA-Heg,VI,TVangrd FTSE Dev exUS,VDU,TVangrd Dev US CA-heg,VEF,TVanguard Dev AsiaPac,VA,TVanguard FTSE Dev EU,VE,TVanguard FTSEEmrgMkt,VEE,TVanguard FTSEGlobeCA,VXC,TVanguard GlbxUS Aggr,VBG,TVanguard S&P500 Indx,VFV,TVanguard S&P500 C-Hg,VSP,TVanguard USAggre Bnd,VBU,TVanguard US DivAppr,VGG,TVanguard USDivCad-hg,VGH,TVanguard US MktIdxUn,VUN,TVanguard US TotMktUn,VUS,TVecima Networks Inc.,VCM,TVelan Inc. SV,VLN,TVena Resources J,VEM,TVerde Potash Plc J,NPK,TVeresen Inc.,VSN,TVeresen Inc Ser A Pr,VSN.PR.A,TVeresen Inc Ser C Pr,VSN.PR.C,TVeresen Inc Ser E Pr,VSN.PR.E,TVermilion Energy Inc,VET,TVillage Farms Int'l,VFF,TVista Gold Corp,VGZ,TViXS Systems Inc. J,VXS,TVoya DivrFltgLoan Un,IFL.UN,TVoya FltgRt Sr US Un,ISL.U,TVoya FltgRte Sr A Un,ISL.UN,TVoya Glbl IncmSol Un,VGI.UN,TVoya HiIncmFltg A Un,IHL.UN,TWajax Corporation,WJX,TWall Financial Corp,WFC,TWallbridge Mng Co J,WM,TWellgreen Platinum J,WG,TWesdome Gold Mines,WDO,TWesdome Gold 7% Deb,WDO.DB.A,TWest Fraser Timber,WFT,TWestcoast Engy 5.50%,W.PR.H,TWestcoast Engy 5.60%,W.PR.J,TWestcoast Engy Pr 10,W.PR.K,TWstrn Copper & Gld J,WRN,TWestern Energy Serv,WRG,TWestern Forest Prod,WEF,TWestrn Lithium USA J,WLC,TWestern Lithium Wt J,WLC.WT,TWstrn Potash Corp. J,WPX,TWesternOne Inc.,WEQ,TWesternOne 6.25% Deb,WEQ.DB,TWesternOne Inc 8% Db,WEQ.DB.C,TWestJet Airline VV&V,WJA,TWestport Innovations,WPT,TWestshore Terminals,WTE,TWhistler Blackcomb,WB,TWhitecap Resources J,WCP,TWi-Lan Inc.,WIN,TWilmington Cap A NV,WCM.A,TWilmington Cap B,WCM.B,TWinpak Limited,WPK,TWorld Fin Split Cl A,WFS,TWorld Fin Split Pr,WFS.PR.A,TWPT Industrl REIT US,WIR.U,TWSP Global Inc.,WSP,TXtra-Gold Resource J,XTG,TXtreme Drill&Coil J,XDC,TYamana Gold Inc.,YRI,TYangarra Res Ltd.,YGR,TYellow Pages Dgtl Db,YPG.DB,TYellow Pages Limited,Y,TYellow Pages Ltd. Wt,Y.WT,TYellowhead Mining J,YMI,TYIELDPLUS Income Un,YP.UN,TYorbeau Res Cl A J,YRB.A,TZargon Oil & Gas Ltd,ZAR,TZargon Oil&Gas 6% Db,ZAR.DB,TZazu Metals Corp. J,ZAZ,TZCL Composites Inc,ZCL,T